iter,dual,phi,best_dual,best_phi,best_primal,gap,rel_gap,subgrad_norm,direction_norm,nu,alpha,zeta,phi_level,delta,vertex_primal,weak_duality_margin,lambda_norm,radius
1.0,-13.583332102694158,13.583332102694158,-13.583332102694158,13.583332102694158,-7.062984002037196,6.520348100656961,0.923171863163824,2.5534972294202634,2.5534972294202634,0.5,1.0,1.0,12.583332102694158,1.0,-7.062984002037196,6.520348100656961,0.0,63.46818682968101
5.0,-10.803517116779185,10.803517116779185,-10.803517116779185,10.803517116779185,-9.666078129350876,1.1374389874283093,0.11767326646931353,1.3635521980243466,1.2314909720799896,0.14953487812212204,0.518870808241387,0.518870808241387,10.356303521279226,0.4472135954999579,-8.94424252004216,1.8592745967370252,1.7537840153557895,63.46818682968101
10.0,-10.457137249837334,10.457137249837334,-10.457137249837334,10.457137249837334,-9.960794438237034,0.49634281160030014,0.04982964106707819,1.223114792113678,0.7668075889114835,0.08891397050194613,0.15725090080830992,0.15725090080830992,10.140909483820497,0.31622776601683794,-8.961127455150047,1.4960097946872875,2.14334899968938,63.46818682968101
15.0,-10.380290861198025,10.380290861198025,-10.372305499948805,10.372305499948805,-10.112935829712404,0.259369670236401,0.02564731692199189,2.3830924224516217,0.5359354404428938,0.06559965570884768,0.1,0.07264987659616329,10.114106610201643,0.2581988897471611,-4.7011613672516885,5.679129493946337,2.27623522729144,63.46818682968101
20.0,-10.334821339321582,10.334821339321582,-10.331642797299208,10.331642797299208,-10.14213115256048,0.18951164473872772,0.018685584113244644,1.635969375804384,0.4140473353452517,0.052868563172028205,0.1,0.055004690948187544,10.10803599954923,0.22360679774997896,-7.658425540751798,2.676395798569784,2.264208733520537,63.46818682968101
25.0,-10.293387031912223,10.293387031912223,-10.293387031912223,10.293387031912223,-10.168451862348828,0.12493516956339512,0.012286547770954007,1.5221328611418734,0.33307393162079757,0.044721359549995794,0.1,0.03002794034118448,10.093387031912224,0.2,-7.9764985849442755,2.3168884469679476,2.2859916356861434,63.46818682968101
30.0,-10.262265185287495,10.262265185287495,-10.262265185287495,10.262265185287495,-10.176533255283896,0.08573193000359858,0.008424473035459746,1.1658334906788663,0.4127423108497129,0.03900578865534527,0.1,0.029795637642199668,10.07969099945244,0.18257418583505536,-8.903097457299026,1.3591677279884689,2.315153145048681,63.46818682968101
35.0,-10.253056638828014,10.253056638828014,-10.253056638828014,10.253056638828014,-10.185560907240717,0.0674957315872966,0.006626609197272111,1.4117403003595748,0.36417060181614763,0.03474713255853982,0.1,0.024694880139610915,10.084025787882311,0.1690308509457033,-8.260045963168674,1.99301067565934,2.33301104200483,63.46818682968101
40.0,-10.241244653305705,10.241244653305705,-10.241244653305705,10.241244653305705,-10.185745114585941,0.05549953871976321,0.005448746075560846,1.7806659375741214,0.29374645214717293,0.031435835742073384,0.1,0.0269532828143055,10.083130770297286,0.15811388300841897,-7.070473472068979,3.1707711812367254,2.346631860210027,63.46818682968101
45.0,-10.239628141930657,10.239628141930657,-10.235959613025294,10.235959613025294,-10.189190897848661,0.046768715176632725,0.004590032284752603,2.166368337708704,0.2740311357662668,0.02877800071234835,0.1,0.016096330265617912,10.086888414525308,0.14907119849998599,-5.546476367303887,4.69315177462677,2.3582685769093548,63.46818682968101
50.0,-10.22686495757221,10.22686495757221,-10.225439577531331,10.225439577531331,-10.193112642078338,0.0323269354529927,0.0031714488584716903,1.1325292214905762,0.3678738112729593,0.026591479484724942,0.1,0.03327769560750594,10.084018221294022,0.1414213562373095,-8.94424252004216,1.2826224375300512,2.359973771826329,63.46818682968101
55.0,-10.234815488749406,10.234815488749406,-10.225439577531331,10.225439577531331,-10.194363403014405,0.031076174516925903,0.003048368327514878,1.767974641103915,0.23313066687633807,0.024756998321195454,0.1,0.009632310453556503,10.090599605038683,0.13483997249264842,-7.1090811571628905,3.125734331586516,2.3560934134118887,63.46818682968101
60.0,-10.223553112375198,10.223553112375198,-10.223553112375198,10.223553112375198,-10.194363403014405,0.029189709360792904,0.002863318503258546,1.6834975968311914,0.3722818166274697,0.023192980697614506,0.1,0.02515576440236491,10.094453667501618,0.12909944487358055,-7.389388953838801,2.834164158536397,2.370274299440536,63.46818682968101
65.0,-10.22784297822898,10.22784297822898,-10.221735837348438,10.221735837348438,-10.194363403014405,0.027372434334033358,0.0026850557756200365,2.282678032015502,0.3027048870856854,0.02184162703410521,0.1,0.01002117964210523,10.09770110275923,0.12403473458920847,-5.0172239803828145,5.210618997846165,2.3803355919796334,63.46818682968101
70.0,-10.224744578789208,10.224744578789208,-10.221735837348438,10.221735837348438,-10.196658362246533,0.025077475101905833,0.002459381712224077,1.149629123452509,0.20597986110302227,0.020660768632279128,0.1,0.010901654972058925,10.102212976414998,0.11952286093343936,-8.903097457299026,1.321647121490182,2.3734095512474656,63.46818682968101
75.0,-10.221127700677746,10.221127700677746,-10.221127700677746,10.221127700677746,-10.196658362246533,0.024469338431213572,0.0023997409309908934,2.0876054189361675,0.2980148606471729,0.019618873042551412,0.1,0.009757513002966511,10.105657646839822,0.11547005383792514,-5.863031315506095,4.358096385171651,2.3788098695029136,63.46818682968101
80.0,-10.219227532975971,10.219227532975971,-10.216274759415128,10.216274759415128,-10.197352176697132,0.018922582717996406,0.0018556368741719116,2.271588700566916,0.19315629410894403,0.018691859765265256,0.1,0.010439083990608255,10.104471360540138,0.11180339887498948,-5.059112308432684,5.160115224543287,2.383048829288579,63.46818682968101
85.0,-10.21323960563856,10.21323960563856,-10.210972143974523,10.210972143974523,-10.197352176697132,0.013619967277390899,0.0013356376284144708,2.3335969403759464,0.3447746418045713,0.017861001627710652,0.1,0.011911149777104918,10.102506915065195,0.10846522890932808,-4.767564925506583,5.445674680131977,2.3889340414961717,63.46818682968101
90.0,-10.21594932218114,10.21594932218114,-10.210972143974523,10.210972143974523,-10.197760539739855,0.013211604234667718,0.001295539759262159,1.5266570592983475,0.22831986581159844,0.017111501601339014,0.1,0.007319409150522775,10.105562888635577,0.10540925533894598,-7.885267545475663,2.330681776705478,2.3879169618280423,63.46818682968101
95.0,-10.219585548945702,10.219585548945702,-10.210972143974523,10.210972143974523,-10.198451984445363,0.012520159529159969,0.0012276529367648802,2.459317263170882,0.15320999025115806,0.016431503375537605,0.1,0.016408698255563597,10.108374308766008,0.10259783520851541,-4.171344148015385,6.0482414009303165,2.394216795213308,63.46818682968101
100.0,-10.215736507655384,10.215736507655384,-10.210972143974523,10.210972143974523,-10.198679574722274,0.012292569252249308,0.0012053098797923606,1.4260558058351716,0.2162080726516434,0.015811388300841896,0.1,0.01541948339559465,10.110972143974523,0.1,-8.182101346299184,2.0336351613562,2.3962753329850637,63.46818682968101
105.0,-10.220729991266674,10.220729991266674,-10.210972143974523,10.210972143974523,-10.19902282250898,0.011949321465543505,0.0011716143471285957,1.600719978795441,0.15533489722389,0.01524326606163657,0.1,0.006060685104907177,10.11338213667967,0.09759000729485333,-7.658425540751798,2.562304450514876,2.396071228532793,63.46818682968101
110.0,-10.214528138187829,10.214528138187829,-10.210972143974523,10.210972143974523,-10.19902282250898,0.011949321465543505,0.0011716143471285957,1.779639766428491,0.2967403947409104,0.014720599274838026,0.1,0.015633745735515493,10.115625885049964,0.09534625892455924,-7.047410439934173,3.167117698253656,2.4009869197092546,63.46818682968101
115.0,-10.215728560051753,10.215728560051753,-10.210972143974523,10.210972143974523,-10.199285549158937,0.011686594815586204,0.0011458248481483015,1.5265847551237017,0.22182423552261774,0.014237922480965446,0.1,0.010157303768207665,10.117721663150492,0.09325048082403138,-7.885267545475663,2.3304610145760902,2.3985069588782237,63.46818682968101
120.0,-10.212795049200698,10.212795049200698,-10.210972143974523,10.210972143974523,-10.199457198442511,0.011514945532011822,0.0011289763080500196,1.9690064360710566,0.16757591558519416,0.013790628831861971,0.1,0.009171236548179992,10.119685051056996,0.09128709291752768,-6.335808703911453,3.8769863452892457,2.401886339165357,63.46818682968101
125.0,-10.209542659202839,10.209542659202839,-10.209542659202839,10.209542659202839,-10.199457198442511,0.010085460760327791,0.0009888232838378764,2.1939322673776736,0.22605625390552772,0.01337480609952844,0.1,0.00888737704351987,10.120099940102847,0.08944271909999159,-5.3962038653618976,4.813338793840941,2.403023301050031,63.46818682968101
130.0,-10.208996645525508,10.208996645525508,-10.20836558969667,10.20836558969667,-10.19978285683306,0.008582732863610332,0.0008414623119021175,1.7665946876993441,0.28457917859329224,0.01298710913609685,0.1,0.009189345895396394,10.120659787765968,0.08770580193070293,-7.088139854917966,3.120856790607542,2.4050088771708094,63.46818682968101
135.0,-10.209207950906425,10.209207950906425,-10.20836558969667,10.20836558969667,-10.19985528234964,0.008510307347030732,0.0008343556953947582,1.5746195278039854,0.21400363376897366,0.012624659627416658,0.1,0.003979674548438988,10.122299293114283,0.08606629658238704,-7.729781293564778,2.479426657341647,2.4057492434145833,63.46818682968101
140.0,-10.209404029805997,10.209404029805997,-10.20836558969667,10.20836558969667,-10.19985528234964,0.008510307347030732,0.0008343556953947582,2.5576735460480546,0.30398990663486897,0.012284966529465688,0.1,0.012882241178531765,10.12385016422382,0.08451542547285165,-3.6677100616519693,6.541693968154028,2.4073304120264147,63.46818682968101
145.0,-10.211163526708464,10.211163526708464,-10.20836558969667,10.20836558969667,-10.20019862629485,0.008166963401821548,0.0008006670949297131,1.6085986692758092,0.10997219677043765,0.011965862351573039,0.1,0.004835772214916855,10.125320109842932,0.08304547985373997,-7.623573847912563,2.5875896787959016,2.4023065175881624,63.46818682968101
150.0,-10.208433770400761,10.208433770400761,-10.20836558969667,10.20836558969667,-10.20019862629485,0.008166963401821548,0.0008006670949297131,1.4234930361970783,0.2384902764932117,0.01166545170526861,0.1,0.010570840156460305,10.126715931603899,0.08164965809277261,-8.182101346299184,2.026332424101577,2.4074392548739767,63.46818682968101
155.0,-10.210408042149016,10.210408042149016,-10.208236607221309,10.208236607221309,-10.200392603293967,0.007844003927342413,0.0007689903940373221,1.344159582777789,0.17209216585714712,0.011382069436692668,0.1,0.005585279789803183,10.127914674331059,0.08032193289024989,-8.403643058175657,1.806764983973359,2.4082713602409673,63.46818682968101
160.0,-10.208404323272676,10.208404323272676,-10.207441296377052,10.207441296377052,-10.200392603293967,0.007048693083085311,0.0006910217436933857,1.9840691514416573,0.18897848010209073,0.011114246312743267,0.1,0.010345968316406063,10.128384354872843,0.07905694150420949,-6.271873925570258,3.936530397702418,2.413226967487985,63.46818682968101
165.0,-10.20917073669319,10.20917073669319,-10.207441296377052,10.207441296377052,-10.200392603293967,0.007048693083085311,0.0006910217436933857,1.1246902758764428,0.23756733815409195,0.010860680709744608,0.1,0.00804831058841116,10.1295914019609,0.0778498944161523,-8.94424252004216,1.2649282166510307,2.4106835979630308,63.46818682968101
170.0,-10.21049256553132,10.21049256553132,-10.207441296377052,10.207441296377052,-10.200392603293967,0.007048693083085311,0.0006910217436933857,1.555052455327867,0.13889367208096265,0.010620215108374345,0.1,0.006240685419024597,10.130744797492316,0.07669649888473704,-7.792304426710091,2.418188138821229,2.4124389966433544,63.46818682968101
175.0,-10.207165187436585,10.207165187436585,-10.207165187436585,10.207165187436585,-10.20070500340461,0.006460184031976013,0.0006333076027411682,1.8650106572123184,0.28629230737207695,0.01039181646446894,0.1,0.007459579114940884,10.13157229283474,0.07559289460184544,-6.7289004359210605,3.4782647515155247,2.412288319881378,63.46818682968101
180.0,-10.207734714918438,10.207734714918438,-10.207165187436585,10.207165187436585,-10.20070500340461,0.006460184031976013,0.0006333076027411682,2.289883802704552,0.32085288494140424,0.010174559726346406,0.1,0.01248935726008279,10.132629588186592,0.07453559924999299,-4.964166885029779,5.243567829888659,2.4146454414604386,63.46818682968101
185.0,-10.20892190446493,10.20892190446493,-10.207165187436585,10.207165187436585,-10.20070500340461,0.006460184031976013,0.0006333076027411682,1.7570448392281732,0.22423527359262238,0.009967613922598227,0.1,0.004715136661922961,10.133643725227204,0.07352146220938077,-7.1217153374065685,3.0872065670583613,2.4136417852286414,63.46818682968101
190.0,-10.207676035786326,10.207676035786326,-10.207165187436585,10.207165187436585,-10.20070500340461,0.006460184031976013,0.0006333076027411682,2.307929386330921,0.33270082783045957,0.009770230362190274,0.1,0.007528829167330449,10.134617562425584,0.07254762501100116,-4.881137983496505,5.326538052289821,2.415330352835526,63.46818682968101
195.0,-10.207955240070126,10.207955240070126,-10.207165187436585,10.207165187436585,-10.200950946228769,0.006214241207816329,0.0006091825399977732,1.1241497765102149,0.20111303454028495,0.009581732580062164,0.1,0.0069900236603148164,10.135553700032641,0.0716114874039433,-8.94424252004216,1.263712720027966,2.415124474102029,63.46818682968101
200.0,-10.208083055135294,10.208083055135294,-10.206294033237997,10.206294033237997,-10.200950946228769,0.005343087009228142,0.0005237832274062106,2.2159193433932085,0.2136057369772268,0.009401507732715983,0.1,0.004307763712930586,10.135583355119342,0.07071067811865475,-5.297784518711107,4.910298536424187,2.4171300736510206,63.46818682968101
205.0,-10.209313350077544,10.209313350077544,-10.206294033237997,10.206294033237997,-10.200950946228769,0.005343087009228142,0.0005237832274062106,1.4238019538469393,0.2000908301231251,0.0092289992043213,0.1,0.004167307092005546,10.136451003661039,0.06984302957695782,-8.182101346299184,2.0272120037783594,2.4156852357831595,63.46818682968101
210.0,-10.206709573551477,10.206709573551477,-10.206294033237997,10.206294033237997,-10.200959496910825,0.005334536327172401,0.000522944565046834,1.7949357051088284,0.2810804145293555,0.009063700228188858,0.1,0.007991923572995585,10.137287477303762,0.06900655593423542,-6.9849153880769475,3.221794185474529,2.4177397614391403,63.46818682968101
215.0,-10.206233044731743,10.206233044731743,-10.206233044731743,10.206233044731743,-10.200993882430282,0.005239162301460709,0.000513593318635785,1.123383516297788,0.15804956160617784,0.00890514836374373,0.1,0.008348165789788269,10.138033610784696,0.06819943394704735,-8.94424252004216,1.2619905246895833,2.4169431208507466,63.46818682968101
220.0,-10.206074017270124,10.206074017270124,-10.206074017270124,10.206074017270124,-10.200993882430282,0.005080134839841932,0.000498003910049561,1.647872110188436,0.2290680854069054,0.00875292069737064,0.1,0.00589977538333804,10.1386540310238,0.06741998624632421,-7.490591525733238,2.7154824915368865,2.419636231051653,63.46818682968101
225.0,-10.206281528449125,10.206281528449125,-10.205647835993837,10.205647835993837,-10.20105549643379,0.0045923395600464545,0.00045018278369840265,1.9149463313505972,0.24804134880392018,0.008606629658238704,0.1,0.004363576456452533,10.13898116932717,0.06666666666666667,-6.539262076496011,3.667019451953114,2.417916286809705,63.46818682968101
230.0,-10.205493076007228,10.205493076007228,-10.20544778583684,10.20544778583684,-10.20105549643379,0.0043922894030501425,0.0004305720525278637,1.723453115512587,0.2416897341691308,0.008465919358610652,0.1,0.00682661353538542,10.139509738497262,0.0659380473395787,-7.235202434637187,2.970290641370041,2.4196242153909857,63.46818682968101
235.0,-10.20595917924905,10.20595917924905,-10.20544778583684,10.20544778583684,-10.20105549643379,0.0043922894030501425,0.0004305720525278637,1.4226235738767534,0.20332019349303213,0.008330462383104772,0.1,0.001994327081872297,10.140214978531496,0.06523280730534423,-8.182101346299184,2.023857832949865,2.4203872837980067,63.46818682968101
240.0,-10.2062425137763,10.2062425137763,-10.20544778583684,10.20544778583684,-10.201193979714557,0.004253806122283876,0.00041699100426310134,2.2667631616672757,0.26932673911020666,0.00819995696360596,0.1,0.0032294652076373435,10.14089806340005,0.06454972243679027,-5.0680272826844766,5.138215231091823,2.4203802838971678,63.46818682968101
245.0,-10.2061155537702,10.2061155537702,-10.20544778583684,10.20544778583684,-10.201197078549148,0.004250707287692279,0.00041668710593098653,2.1802995251517836,0.19127497632711432,0.008074124486560983,0.1,0.005327517318703639,10.141560129336847,0.06388765649999399,-5.452409534393108,4.753706019377092,2.4214442196317774,63.46818682968101
250.0,-10.205540714298131,10.205540714298131,-10.204989355857428,10.204989355857428,-10.201228463185469,0.003760892671959226,0.0003686705660530651,1.1230753288430704,0.13553163278571023,0.007952707287670507,0.1,0.004009502021916176,10.14174380265406,0.06324555320336758,-8.94424252004216,1.2612981942559713,2.421533300156543,63.46818682968101
255.0,-10.205839457744574,10.205839457744574,-10.204989355857428,10.204989355857428,-10.201228463185469,0.003760892671959226,0.0003686705660530651,1.9834226811686702,0.2521854672150934,0.007835466695844054,0.1,0.00397646602543886,10.142366926748913,0.06262242910851495,-6.271873925570258,3.933965532174316,2.4220494823304644,63.46818682968101
260.0,-10.205037580713668,10.205037580713668,-10.204989355857428,10.204989355857428,-10.201230713624867,0.0037586422325617264,0.0003684498800268918,1.822517512325518,0.17396256965293824,0.007722181293981607,0.1,0.0059553995573134,10.142971988562824,0.062017367294604234,-6.883467497980477,3.3215700827331913,2.4218156987461033,63.46818682968101
265.0,-10.204449240077883,10.204449240077883,-10.204449240077883,10.204449240077883,-10.201239940580102,0.0032092994977812594,0.0003145989621334953,1.1225892926781922,0.19667184590600784,0.00761264536890015,0.1,0.007235789238423067,10.143019728394489,0.06142951168339512,-8.94424252004216,1.2602067200357236,2.4225876568579765,63.46818682968101
270.0,-10.205185486692603,10.205185486692603,-10.204449240077883,10.204449240077883,-10.201255241270486,0.003193998807397236,0.00031309860716703804,2.1929390373037516,0.3132617977467942,0.007506667526705747,0.1,0.004512162413938982,10.143591178132866,0.06085806194501846,-5.3962038653618976,4.808981621330705,2.423049441950682,63.46818682968101
275.0,-10.205686162457829,10.205686162457829,-10.204449240077883,10.204449240077883,-10.201315368508526,0.003133871569357183,0.0003072026945693149,1.1231400813859636,0.24765587831149377,0.007404069453259086,0.1,0.0064759869978299614,10.14414697116233,0.060302268915552716,-8.94424252004216,1.261443642415669,2.4231120020653587,63.46818682968101
280.0,-10.206267193332307,10.206267193332307,-10.204449240077883,10.204449240077883,-10.201336058315789,0.003113181762094186,0.000305173924699444,2.2155095744819517,0.20966731203403483,0.007304684802205441,0.1,0.0018792035408131855,10.144687809611163,0.05976143046671968,-5.297784518711107,4.9084826746212,2.424854433327809,63.46818682968101
285.0,-10.205351282721784,10.205351282721784,-10.204449240077883,10.204449240077883,-10.201372769705461,0.00307647037242198,0.000301574154956677,1.1229909895807826,0.18986992082647391,0.007208358195428734,0.1,0.0029055124351544835,10.145214352301974,0.05923488777590923,-8.94424252004216,1.2611087626796245,2.4237657405726787,63.46818682968101
290.0,-10.206384630312998,10.206384630312998,-10.204428583417595,10.204428583417595,-10.201372769705461,0.0030558137121339257,0.0002995492647037301,1.3426621213608956,0.1936451544892647,0.007114944322816925,0.1,0.007793809340193267,10.145706561466126,0.058722021951470346,-8.403643058175657,1.8027415721373412,2.4239440892004844,63.46818682968101
295.0,-10.20671717588585,10.20671717588585,-10.204428583417595,10.204428583417595,-10.201372769705461,0.0030558137121339257,0.0002995492647037301,2.498635971624662,0.19644329070437686,0.007024307129952162,0.1,0.005274726080187842,10.146206332443636,0.0582222509739582,-3.9635354571891295,6.24318171869672,2.4252509770383743,63.46818682968101
300.0,-10.205648736132531,10.205648736132531,-10.204428583417595,10.204428583417595,-10.201413253914005,0.0030153295035901806,0.0002955795857435028,1.687321293083927,0.23677641313826772,0.006936319083813028,0.1,0.005140537510324637,10.146693556498633,0.05773502691896257,-7.358595590038115,2.8470531460944164,2.425273635195813,63.46818682968101
305.0,-10.204363468444507,10.204363468444507,-10.204363468444507,10.204363468444507,-10.201413253914005,0.0029502145305020377,0.000289196649235842,1.1225510894397397,0.18802703526720374,0.006850860507838271,0.1,0.00580052445202892,10.14710363501312,0.057259833431386825,-8.94424252004216,1.2601209484023475,2.425174654850305,63.46818682968101
310.0,-10.204017844871636,10.204017844871636,-10.204017844871636,10.204017844871636,-10.201413253914005,0.0026045909576311033,0.00025531667944456545,2.0921142010036435,0.3466405204965668,0.006767818978784967,0.1,0.006529726194994267,10.14722166144693,0.05679618342470648,-5.827076014830522,4.3769418300411145,2.4257916093139045,63.46818682968101
315.0,-10.206805513602419,10.206805513602419,-10.204017844871636,10.204017844871636,-10.201454388929575,0.00256345594206131,0.00025128338022499264,1.1236382841289536,0.19966544331509425,0.006687088778746858,0.1,0.004802534744464795,10.147674227889736,0.0563436169819011,-8.94424252004216,1.262562993560259,2.4256844102741737,63.46818682968101
320.0,-10.206035008226584,10.206035008226584,-10.204017844871636,10.204017844871636,-10.201483845482858,0.00253399938877763,0.0002483951773250777,1.6524256294292887,0.22861063635357565,0.006608570396503526,0.1,0.0034587060282929415,10.148116145434141,0.05590169943749474,-7.4755245474317995,2.7305104607947843,2.4267893004784837,63.46818682968101
325.0,-10.205704179378742,10.205704179378742,-10.204017844871636,10.204017844871636,-10.201483845482858,0.00253399938877763,0.0002483951773250777,1.1413179758856495,0.24324619715390647,0.006532170073067538,0.1,0.005102298098207083,10.148547825249112,0.05547001962252291,-8.903097457299026,1.302606722079716,2.4263145752243274,63.46818682968101
330.0,-10.205771287793828,10.205771287793828,-10.204017844871636,10.204017844871636,-10.20150498705635,0.002512857815286651,0.0002463222650456928,2.6276576918090773,0.2767289007961093,0.006457799386900546,0.1,0.009466063938757473,10.148969656615318,0.055048188256318034,-3.3011863424704195,6.904584945323409,2.4274535039455065,63.46818682968101
335.0,-10.205349823762239,10.205349823762239,-10.204017844871636,10.204017844871636,-10.20150646696732,0.0025113779043159923,0.0002461771614268818,1.9080268486794032,0.2058911140815991,0.006385374874794214,0.1,0.007252852728335285,10.14938200840082,0.05463583647081531,-6.564783368480785,3.640566455281454,2.4274605542361622,63.46818682968101
340.0,-10.205028783931077,10.205028783931077,-10.204017844871636,10.204017844871636,-10.20151252679658,0.002505318075055385,0.0002455830023709328,1.5958080220312472,0.1952980130335945,0.006314817684869083,0.1,0.0032907937955410672,10.149785230416972,0.05423261445466404,-7.658425540751798,2.5466032431792787,2.4272465400719714,63.46818682968101
345.0,-10.205756576700628,10.205756576700628,-10.204017844871636,10.204017844871636,-10.201524498816138,0.0024933460554983355,0.0002444091621588207,1.141340930397926,0.1685106276654422,0.006246053258543567,0.1,0.00381433558990015,10.15017965466582,0.05383819020581655,-8.903097457299026,1.3026591194016017,2.4265511396981143,63.46818682968101
350.0,-10.205642361843148,10.205642361843148,-10.204017844871636,10.204017844871636,-10.201524498816138,0.0024933460554983355,0.0002444091621588207,1.1231205820396084,0.2931167902467129,0.006179011038674443,0.1,0.010828189526387505,10.150565596489152,0.05345224838248487,-8.94424252004216,1.2613998418009889,2.426870882837937,63.46818682968101
355.0,-10.20548308905108,10.20548308905108,-10.204017844871636,10.204017844871636,-10.201524498816138,0.0024933460554983355,0.0002444091621588207,1.123049673437876,0.23261914528822644,0.006113624201376233,0.1,0.008779087763581049,10.15094335562821,0.053074489243427524,-8.94424252004216,1.2612405690089208,2.428295140102065,63.46818682968101
360.0,-10.205388730965172,10.205388730965172,-10.204017844871636,10.204017844871636,-10.20154189641072,0.002475948460915589,0.00024270335661579935,1.8709152093585997,0.28424312283552,0.006049829409295642,0.1,0.004571101772255002,10.151313217202164,0.05270462766947299,-6.705065010355839,3.500323720609333,2.4298088019187833,63.46818682968101
365.0,-10.20497921469715,10.20497921469715,-10.204017844871636,10.204017844871636,-10.201551408033895,0.0024664368377411705,0.00024177076006290667,1.7233040300712952,0.17932321064933973,0.0059875665843537335,0.1,0.004527687591819271,10.151675452612615,0.052342392259021375,-7.235202434637187,2.9697767800599637,2.4288158712642614,63.46818682968101
370.0,-10.20532594229912,10.20532594229912,-10.204017844871636,10.204017844871636,-10.201608759616917,0.0024090852547189456,0.00023614758333561202,2.41168746212581,0.2963330923917676,0.005926778698176997,0.1,0.013018198252433952,10.152030320380632,0.05198752449100364,-4.389089527324294,5.816236414974827,2.42901102429436,63.46818682968101
375.0,-10.206868478442063,10.206868478442063,-10.204017844871636,10.204017844871636,-10.201608759616917,0.0024090852547189456,0.00023614758333561202,1.7743889739893255,0.2512033137009155,0.005867411578622623,0.1,0.0049064345816858205,10.152378066922203,0.051639777949432225,-7.058412247427172,3.148456231014891,2.428460968511322,63.46818682968101
380.0,-10.205760689062423,10.205760689062423,-10.204017844871636,10.204017844871636,-10.201608759616917,0.0024090852547189456,0.00023614758333561202,1.9875552900135536,0.3168551731541658,0.005809413730966143,0.1,0.011095915385445913,10.152718927267378,0.051298917604257706,-6.25538465820156,3.9503760308608626,2.4303520369930673,63.46818682968101
385.0,-10.206355516184342,10.206355516184342,-10.204017844871636,10.204017844871636,-10.201608759616917,0.0024090852547189456,0.00023614758333561202,1.5462748873931036,0.23130730951666942,0.005752736172463994,0.1,0.002413800062797573,10.153053125727874,0.050964719143762556,-7.815389488801789,2.390966027382553,2.429519304525899,63.46818682968101
390.0,-10.20600564040374,10.20600564040374,-10.204017844871636,10.204017844871636,-10.20162494141315,0.002392903458485307,0.0002345610108416549,1.422639903174572,0.18186096058216425,0.005697332279131652,0.1,0.005284285029220627,10.153380876517453,0.05063696835418333,-8.182101346299184,2.0239042941045557,2.4300290090273955,63.46818682968101
395.0,-10.204939276497418,10.204939276497418,-10.204017844871636,10.204017844871636,-10.201648772187706,0.0023690726839298293,0.00023222449006365765,1.5532658657767915,0.1880121495124318,0.005643157643691935,0.1,0.004557606133373132,10.153702384328973,0.05031546054266276,-7.792304426710091,2.4126348497873273,2.430441932916842,63.46818682968101
400.0,-10.205312956947441,10.205312956947441,-10.204017844871636,10.204017844871636,-10.201648772187706,0.0023690726839298293,0.00023222449006365765,2.366655390245078,0.34184923159688047,0.005590169943749474,0.1,0.0043395679131512455,10.154017844871635,0.05,-4.60425522077136,5.601057736176082,2.429261009406926,63.46818682968101
405.0,-10.205927269348944,10.205927269348944,-10.204017844871636,10.204017844871636,-10.201648772187706,0.0023690726839298293,0.00023222449006365765,2.0067240768101557,0.32126185859240747,0.005538328819337854,0.1,0.007152310781466472,10.15432744537164,0.049690399499995326,-6.178985748899368,4.026941520449576,2.4303717596917487,63.46818682968101
410.0,-10.205488783357092,10.205488783357092,-10.204017844871636,10.204017844871636,-10.201676930627917,0.0023409142437191832,0.00022946367147651863,1.6294203207752,0.3537568905965115,0.005487595759066671,0.1,0.009872176865833618,10.154631365039156,0.04938647983247948,-7.550478201601937,2.655010581755155,2.430402443478711,63.46818682968101
415.0,-10.205875026213583,10.205875026213583,-10.204017844871636,10.204017844871636,-10.201685235468268,0.002332609403367769,0.00022864941914282652,2.104468698367149,0.21209262904782117,0.005437933994168067,0.1,0.004794150925166852,10.154929775504254,0.0490880693673816,-5.777086523806461,4.428788502407122,2.429281649987823,63.46818682968101
420.0,-10.205302458359782,10.205302458359782,-10.204017844871636,10.204017844871636,-10.201685235468268,0.002332609403367769,0.00022864941914282652,2.1584313959576975,0.29459240408925735,0.005389308399806988,0.1,0.008826144611356071,10.155222841224209,0.048795003647426664,-5.546476367303887,4.658826091055895,2.4299583107163167,63.46818682968101
425.0,-10.20543256481238,10.20543256481238,-10.204017844871636,10.204017844871636,-10.20168698657932,0.0023308582923160515,0.00022847773073045449,1.1230271789988977,0.20165915243731228,0.005341685403077473,0.1,0.003334245536738485,10.15551071986437,0.048507125007266595,-8.94424252004216,1.2611900447702205,2.4297930545348203,63.46818682968101
430.0,-10.204838248016568,10.204838248016568,-10.204017844871636,10.204017844871636,-10.201688938057027,0.0023289068146095104,0.00022828639735540348,1.1152178230581333,0.2159286988195607,0.005295032897159441,0.1,0.0071887994481714575,10.155793562654594,0.04822428221704121,-8.961127455150047,1.243710792866521,2.4307593948177297,63.46818682968101
435.0,-10.205738902787324,10.205738902787324,-10.204017844871636,10.204017844871636,-10.201712032089262,0.0023058127823745167,0.00022602213972729607,2.253380393689699,0.1756106315319236,0.005249320161157292,0.1,0.004788200189106469,10.156071514723097,0.04794633014853841,-5.128015704122182,5.077723198665142,2.4313596893331066,63.46818682968101
440.0,-10.204789351854958,10.204789351854958,-10.204017844871636,10.204017844871636,-10.201712032089262,0.0023058127823745167,0.00022602213972729607,1.7558684502115716,0.22990623154672582,0.0052045177851838716,0.1,0.005078803247315794,10.156344715409357,0.04767312946227962,-7.1217153374065685,3.083074014448389,2.429696209887134,63.46818682968101
445.0,-10.205458608448863,10.205458608448863,-10.204017844871636,10.204017844871636,-10.201725627668866,0.002292217202770175,0.00022468916401292743,2.3958811786486,0.3140438422294241,0.005160597600291418,0.1,0.007147292814493213,10.15661329855764,0.04740454631399772,-4.465211986246261,5.740246622202602,2.430590611751706,63.46818682968101
450.0,-10.20480071701252,10.20480071701252,-10.204017844871636,10.204017844871636,-10.201736369890629,0.002281474981007392,0.00022363594767464584,1.7232522399159484,0.2027779865763774,0.005117532612885453,0.1,0.009162203364551801,10.156877392792532,0.04714045207910317,-7.235202434637187,2.9695982823753324,2.430764204336399,63.46818682968101
455.0,-10.204385073516553,10.204385073516553,-10.204017844871636,10.204017844871636,-10.201759859155088,0.0022579857165485606,0.00022133296095204965,1.122560712600612,0.2076885057445804,0.005075296943288609,0.1,0.0024267244850757373,10.157137121777787,0.04688072309384954,-8.94424252004216,1.2601425534743935,2.4313444254363414,63.46818682968101
460.0,-10.204447314656566,10.204447314656566,-10.204017844871636,10.204017844871636,-10.201766311587729,0.0022515332839070368,0.00022070033905301488,1.8792170548214042,0.2844497597886653,0.0050338657681495294,0.1,0.003929524085812898,10.15739260445962,0.04662524041201569,-6.672990575524935,3.531456739131631,2.431816981919962,63.46818682968101
465.0,-10.20475483337192,10.20475483337192,-10.204017844871636,10.204017844871636,-10.201766311587729,0.0022515332839070368,0.00022070033905301488,2.2630238183605718,0.24273261241308253,0.004993215266417345,0.1,0.003729703808529094,10.157643955295619,0.04637388957601683,-5.0834780309046534,5.121276802467267,2.4312005074315426,63.46818682968101
470.0,-10.204424807914677,10.204424807914677,-10.204017844871636,10.204017844871636,-10.201766311587729,0.0022515332839070368,0.00022070033905301488,1.1225784105676182,0.21569216927499507,0.004953322568625359,0.1,0.004384017523583417,10.157891284470193,0.04612656040144425,-8.94424252004216,1.2601822878725173,2.431670605443864,63.46818682968101
475.0,-10.204484133834871,10.204484133834871,-10.204017844871636,10.204017844871636,-10.20177022124695,0.0022476236246866677,0.00022031702106028647,1.772427750797666,0.16339813144930443,0.004914165709248506,0.1,0.0037389288575201407,10.158134698097523,0.04588314677411235,-7.062984002037196,3.1415001317976747,2.4311582558118086,63.46818682968101
480.0,-10.204707202071354,10.204707202071354,-10.204017844871636,10.204017844871636,-10.201779014526727,0.0022388303449094593,0.0002194548952414572,1.12270418277888,0.1340973652985193,0.004875723581918159,0.1,0.00429216962327859,10.158374298412872,0.04564354645876384,-8.94424252004216,1.2604646820291947,2.430864780704623,63.46818682968101
485.0,-10.205427848346993,10.205427848346993,-10.204017844871636,10.204017844871636,-10.201779014526727,0.0022388303449094593,0.0002194548952414572,2.192994296158815,0.19773073026474874,0.004837975897295197,0.1,0.004945594938668729,10.158610183952986,0.045407660918649985,-5.3962038653618976,4.809223982985095,2.43182952103814,63.46818682968101
490.0,-10.204505063174025,10.204505063174025,-10.204017844871636,10.204017844871636,-10.201779014526727,0.0022388303449094593,0.0002194548952414572,1.7557874944786034,0.21476923278739057,0.004800903143418006,0.1,0.00742082209895791,10.158842449726373,0.045175395145262566,-7.1217153374065685,3.082789725767457,2.432101822483552,63.46818682968101
495.0,-10.203768100930422,10.203768100930422,-10.203752129984643,10.203752129984643,-10.201780793837782,0.001971336146860736,0.00019323451333628822,1.7941161369469567,0.33997913625953324,0.004764486548356437,0.1,0.012854362868930302,10.158805472487094,0.044946657497549475,-6.9849153880769475,3.218852712853474,2.4322952315207176,63.46818682968101
500.0,-10.205434057252635,10.205434057252635,-10.203752129984643,10.203752129984643,-10.201782916279171,0.001969213705471873,0.00019302642701106318,2.155054153853107,0.241047017472879,0.004728708045015879,0.1,0.005700748825906587,10.159030770434647,0.044721359549995794,-5.561175651213104,4.644258406039531,2.4320238125717917,63.46818682968101
505.0,-10.205719389273753,10.205719389273753,-10.203752129984643,10.203752129984643,-10.201799821624629,0.0019523083600141433,0.00019136901273791507,1.7771980333878699,0.1682927643564784,0.004693550237947588,0.1,0.0015765239847744844,10.159252714035645,0.04449941594899848,-7.04728653939604,3.1584328498777126,2.432586229165732,63.46818682968101
510.0,-10.204931710169063,10.204931710169063,-10.203752129984643,10.203752129984643,-10.201803557077094,0.0019485729075494618,0.00019100278658058624,1.9311618351697661,0.20444344573409715,0.004658996372032305,0.1,0.003194864686737018,10.159471385707638,0.04428074427700476,-6.475545676552805,3.729386033616258,2.432607047948874,63.46818682968101
515.0,-10.204803256433529,10.204803256433529,-10.203752129984643,10.203752129984643,-10.201819404129733,0.0019327258549104442,0.00018944913435029736,2.3476708695511115,0.23725485031991755,0.004625030302914277,0.1,0.006348390493415505,10.15968686506072,0.044065264923923174,-4.693244744694657,5.511558511738872,2.4325235592392604,63.46818682968101
520.0,-10.204783450395118,10.204783450395118,-10.203752129984643,10.203752129984643,-10.201819404129733,0.0019327258549104442,0.00018944913435029736,1.1409145424159057,0.18543289554414527,0.004591636469071923,0.1,0.007511393766042708,10.159899229019292,0.043852900965351466,-8.903097457299026,1.3016859930960916,2.4322748260783764,63.46818682968101
525.0,-10.20441599576949,10.20441599576949,-10.203752129984643,10.203752129984643,-10.201819404129733,0.0019327258549104442,0.00018944913435029736,2.083598972994419,0.2017120837016646,0.0045587998654198075,0.1,0.003944200176031041,10.160108551937444,0.04364357804719848,-5.863031315506095,4.3413846802633955,2.433706441413052,63.46818682968101
530.0,-10.205165144396117,10.205165144396117,-10.203752129984643,10.203752129984643,-10.201836475555398,0.0019156544292453503,0.00018777544943358448,1.1229081103785645,0.19717434234811437,0.004526506018344287,0.1,0.0050287102848735,10.160314905708336,0.04343722427630694,-8.94424252004216,1.2609226243539577,2.431663271076457,63.46818682968101
535.0,-10.20471208274052,10.20471208274052,-10.203752129984643,10.203752129984643,-10.201837537988315,0.0019145919963285962,0.00018767128854966375,2.3445414241307776,0.32166277493192785,0.0044947409620822885,0.1,0.0039008928489401855,10.16051835986793,0.043233770116711694,-4.707837593275347,5.496874489465174,2.4329144928518533,63.46818682968101
540.0,-10.204721023553386,10.204721023553386,-10.203752129984643,10.203752129984643,-10.201837537988315,0.0019145919963285962,0.00018767128854966375,1.966955088364229,0.15871142264936627,0.004463491216359176,0.1,0.007588820647038629,10.16071898169345,0.04303314829119352,-6.335808703911453,3.8689123196419333,2.4341168461188243,63.46818682968101
545.0,-10.205233068365283,10.205233068365283,-10.203752129984643,10.203752129984643,-10.201842922108026,0.0019092078766167475,0.00018714342998551523,1.6871981147236894,0.15052037219895545,0.004432743765207631,0.1,0.004231948453276014,10.160916836296831,0.042835293687811936,-7.358595590038115,2.8466374783271684,2.433280533954068,63.46818682968101
550.0,-10.205170347369947,10.205170347369947,-10.203752129984643,10.203752129984643,-10.201843560884358,0.0019085691002853622,0.00018708080445412317,2.303509860005788,0.22516385568405678,0.004402486036895006,0.1,0.007579908172293275,10.161111986713522,0.04264014327112208,-4.899012672226063,5.306157675143884,2.43377552593224,63.46818682968101
555.0,-10.20557071670938,10.20557071670938,-10.203752129984643,10.203752129984643,-10.201843560884358,0.0019085691002853622,0.00018708080445412317,1.7727623693472314,0.27809300219258154,0.004372705884891661,0.1,0.0076703674071750836,10.161304493986842,0.04244763599780089,-7.062884298535768,3.1426864181736116,2.433361579811608,63.46818682968101
560.0,-10.205282850048423,10.205282850048423,-10.203752129984643,10.203752129984643,-10.201845344350065,0.0019067856345778011,0.00018690595379725175,1.11541713941394,0.2704455738162116,0.004343391569817477,0.1,0.011256689537719638,10.161494417248218,0.042257712736425826,-8.961127455150047,1.2441553948983763,2.432043709706068,63.46818682968101
565.0,-10.2061672722514,10.2061672722514,-10.203752129984643,10.203752129984643,-10.201861612569738,0.0018905174149050907,0.000185311023291649,1.6874749426919766,0.20907189222045383,0.004314531742308044,0.1,0.006020462618007237,10.161681813793477,0.04207031619116713,-7.358595590038115,2.847571682213286,2.431548452438451,63.46818682968101
570.0,-10.204490930999647,10.204490930999647,-10.203752129984643,10.203752129984643,-10.201861612569738,0.0018905174149050907,0.000185311023291649,1.317547899152638,0.26798922048742224,0.004286115426746013,0.1,0.007421751939925677,10.161866739155474,0.04188539082916955,-8.468558464438116,1.7359324665615308,2.433737298805689,63.46818682968101
575.0,-10.204342781238662,10.204342781238662,-10.203752129984643,10.203752129984643,-10.201879965694468,0.0018721642901748936,0.00018351169553752444,2.029105458465147,0.3068082296798656,0.004258132005806779,0.1,0.004032109369006584,10.162049247173229,0.04170288281141495,-6.0870738196656085,4.117268961573053,2.434843399020234,63.46818682968101
580.0,-10.205665235487867,10.205665235487867,-10.203752129984643,10.203752129984643,-10.20188469407537,0.0018674359092738513,0.00018304812936754166,1.5960074231456665,0.0925803499315066,0.004230571205771052,0.1,0.00222839231612723,10.162229390057773,0.041522739926869986,-7.658425540751798,2.547239694736069,2.4326273897152695,63.46818682968101
585.0,-10.203793140569408,10.203793140569408,-10.203752129984643,10.203752129984643,-10.20188469407537,0.0018674359092738513,0.00018304812936754166,1.3172830660610837,0.26872074373269295,0.0042034230825600165,0.1,0.008156001901595851,10.162407218454907,0.041344911529736156,-8.468558464438116,1.7352346761312916,2.434782514591978,63.46818682968101
590.0,-10.203955501954429,10.203955501954429,-10.20331431782594,10.20331431782594,-10.201889243896906,0.0014250739290346814,0.00013968725742510938,1.5926806628119077,0.29137693741554177,0.004176678008451727,0.1,0.012819356738530794,10.16214496934631,0.04116934847963091,-7.667323808259452,2.536631693694977,2.4341176989410966,63.46818682968101
595.0,-10.205078564660415,10.205078564660415,-10.20331431782594,10.20331431782594,-10.201892557934022,0.001421759891918839,0.00013936236672215636,1.1228695581492325,0.1991026021701617,0.004150326659440021,0.1,0.002031843044961218,10.162318314741402,0.040996003084539386,-8.94424252004216,1.2608360446182552,2.432929387355675,63.46818682968101
600.0,-10.204579235423148,10.204579235423148,-10.20331431782594,10.20331431782594,-10.201892557934022,0.001421759891918839,0.00013936236672215636,3.2458309867753323,0.3846264202037261,0.004124360003199805,0.1,0.007746437170088572,10.162489488779554,0.040824829046386304,0.3308395592877744,10.535418794710923,2.4350287373953963,63.46818682968101
605.0,-10.205132858081182,10.205132858081182,-10.20331431782594,10.20331431782594,-10.201892557934022,0.001421759891918839,0.00013936236672215636,1.7726388689029173,0.2054633184159526,0.004098769287624821,0.1,0.003477771140126829,10.162658536416853,0.040655781409087086,-7.062884298535768,3.142248559545414,2.4344384718939023,63.46818682968101
610.0,-10.204549850358635,10.204549850358635,-10.20331431782594,10.20331431782594,-10.20190725669303,0.0014070611329106697,0.0001379213805327977,1.1150885145173848,0.22396000283662848,0.004073546029906214,0.1,0.002651208955455413,10.162825501316995,0.0404888165089458,-8.961127455150047,1.2434223952085883,2.4345994141600853,63.46818682968101
615.0,-10.203910566901865,10.203910566901865,-10.20331431782594,10.20331431782594,-10.20190726929977,0.0014070485261701293,0.00013792014463847454,1.394225449392311,0.24993967152935373,0.004048682006122165,0.1,0.005036465101133283,10.162990425898665,0.04032389192727559,-8.260045963168674,1.943864603733191,2.4347804788765486,63.46818682968101
620.0,-10.204890396085279,10.204890396085279,-10.203165406258757,10.203165406258757,-10.20190726929977,0.0012581369589863556,0.00012332370073313856,2.4765910503214434,0.2942179960702893,0.004024169241310767,0.1,0.0023017756609206947,10.163004439813632,0.04016096644512494,-4.071387165553008,6.133503230532271,2.4350935427752805,63.46818682968101
625.0,-10.204232464565308,10.204232464565308,-10.203165406258757,10.203165406258757,-10.20191158100278,0.0012538252559775032,0.00012290101183706404,1.8644294732094777,0.26022572190494164,0.004,0.1,0.0068181150808153505,10.163165406258758,0.04,-6.728135203993141,3.4760972605721676,2.4353001840173607,63.46818682968101
630.0,-10.204949973880494,10.204949973880494,-10.203165406258757,10.203165406258757,-10.201911870125372,0.0012535361333849693,0.0001228726683138427,1.5532693092861913,0.1340944555621565,0.0039761667771703105,0.1,0.0034487454318079085,10.163324452614276,0.03984095364447979,-7.792304426710091,2.4126455471704027,2.435580587110878,63.46818682968101
635.0,-10.204363753571917,10.204363753571917,-10.203165406258757,10.203165406258757,-10.201925364427339,0.001240041831417571,0.00012154978468490078,1.7723937913270635,0.17119400102397667,0.003952662289626765,0.1,0.004730323158572385,10.16348161675213,0.03968378950662725,-7.062984002037196,3.1413797515347204,2.434849840346372,63.46818682968101
640.0,-10.204638667107007,10.204638667107007,-10.203165406258757,10.203165406258757,-10.201926983229175,0.001238423029581881,0.00012139108931260827,2.8302523239074264,0.17232325939661627,0.003929479467759173,0.1,0.007273283808795211,10.163636935506652,0.03952847075210474,-2.1943104501236164,8.01032821698339,2.4362461278738134,63.46818682968101
645.0,-10.204798872179856,10.204798872179856,-10.203165406258757,10.203165406258757,-10.201926983229175,0.001238423029581881,0.00012139108931260827,1.4222157100386255,0.15186963932184158,0.003906611447669844,0.1,0.0017702536232841524,10.163790444710848,0.039374961547907886,-8.182101346299184,2.0226975258806714,2.4349464309771136,63.46818682968101
650.0,-10.20423531238315,10.20423531238315,-10.203165406258757,10.203165406258757,-10.201926983229175,0.001238423029581881,0.00012139108931260827,2.049901077023493,0.27898354479534454,0.0038840515636498797,0.1,0.006111597233322037,10.16394217923112,0.03922322702763681,-6.002140886801072,4.202094425582077,2.4364436182864266,63.46818682968101
655.0,-10.204504289610817,10.204504289610817,-10.203165406258757,10.203165406258757,-10.201933982440448,0.0012314238183090964,0.00012070493892909139,1.773722650862768,0.2006842123317409,0.003861793340986029,0.1,0.009707370384126824,10.164092173000528,0.03907323325822818,-7.058412247427172,3.1460920421836454,2.435014197109912,63.46818682968101
660.0,-10.20470520004631,10.20470520004631,-10.203165406258757,10.203165406258757,-10.201933982440448,0.0012314238183090964,0.00012070493892909139,2.506127863882387,0.2861011759259353,0.003839830489081169,0.1,0.006474023009386139,10.164240459050681,0.03892494720807615,-3.924028329918615,6.280676870127696,2.43586060133953,63.46818682968101
665.0,-10.204780804745823,10.204780804745823,-10.203165406258757,10.203165406258757,-10.201936017339577,0.0012293889191798968,0.00012050545279742817,1.7232464623810022,0.19230196768114405,0.003818156894872502,0.1,0.003313717356810806,10.164387069542283,0.038778336716474064,-7.235202434637187,2.9695783701086365,2.4348286591545234,63.46818682968101
670.0,-10.204394960343402,10.204394960343402,-10.203165406258757,10.203165406258757,-10.201942315182524,0.0012230910762323077,0.00011988806037572908,1.5530906392201682,0.19661276953769596,0.0037967666165324436,0.1,0.0057300909629766,10.164532035794444,0.03863337046431279,-7.792304426710091,2.412090533633311,2.4352692336795005,63.46818682968101
675.0,-10.204383722423547,10.204383722423547,-10.203165406258757,10.203165406258757,-10.201946153174644,0.001219253084112637,0.00011951181331546526,1.3175072136369612,0.233904099428833,0.00377565387743805,0.1,0.006444721770011331,10.164675388312782,0.03849001794597505,-8.468558464438116,1.7358252579854305,2.4349811183343557,63.46818682968101
680.0,-10.203864308310834,10.203864308310834,-10.203165406258757,10.203165406258757,-10.201950845439855,0.0012145608189015888,0.0001190518203138062,1.8221956015560892,0.24647254008619415,0.003754813060395662,0.1,0.009074297496773676,10.164817156816389,0.03834824944236852,-6.883467497980477,3.320396810330357,2.435600284283238,63.46818682968101
685.0,-10.203944280704922,10.203944280704922,-10.203165406258757,10.203165406258757,-10.201958479427455,0.0012069268313013026,0.0001183034447488789,1.522720176273127,0.18784443312568966,0.0037342387021081615,0.1,0.004645164747171244,10.164957370263712,0.03820803599504351,-7.885267545475663,2.3186767352292597,2.4347594634215266,63.46818682968101
690.0,-10.204678301693296,10.204678301693296,-10.203165406258757,10.203165406258757,-10.201958479427455,0.0012069268313013026,0.0001183034447488789,2.5416312672249797,0.21289439789292489,0.0037139254878729706,0.1,0.006387535651592958,10.165096056877413,0.03806934938134405,-3.744788803157638,6.459889498535658,2.4357030667056767,63.46818682968101
695.0,-10.204465995196685,10.204465995196685,-10.203165406258757,10.203165406258757,-10.201960575586778,0.0012048306719787405,0.00011809795411892612,1.6291064402287374,0.17440586550920584,0.0036938682464995785,0.1,0.003886019227715371,10.165233244168213,0.03793216209054408,-7.550478201601937,2.653987793594748,2.4352936941837364,63.46818682968101
700.0,-10.204037690155147,10.204037690155147,-10.203165406258757,10.203165406258757,-10.201963944554143,0.001201461704614104,0.00011776768778480639,1.8646521593347847,0.17166645181668086,0.003674061945436001,0.1,0.005297661473993097,10.165368958957833,0.03779644730092272,-6.727110014843269,3.4769276753118774,2.4354167808061002,63.46818682968101
705.0,-10.20426041213333,10.20426041213333,-10.203165406258757,10.203165406258757,-10.201963944554143,0.001201461704614104,0.00011776768778480639,2.612925045549911,0.2567652062922271,0.00365450168609416,0.1,0.0038703115173544336,10.165503227401022,0.03766217885773547,-3.3768831184713264,6.827377293662003,2.435350862248814,63.46818682968101
710.0,-10.204160074425303,10.204160074425303,-10.203165406258757,10.203165406258757,-10.201964315382014,0.0012010908767425832,0.00011773133483045399,1.7652252602734129,0.18629492785199275,0.0036351826993647226,0.1,0.005185509127255221,10.165636075006717,0.037529331252040075,-7.088139854917966,3.1160202195073374,2.4358435827220193,63.46818682968101
715.0,-10.204751465192343,10.204751465192343,-10.203165406258757,10.203165406258757,-10.201964315382014,0.0012010908767425832,0.00011773133483045399,1.1227238953323226,0.1897124897986393,0.0036161003413124424,0.1,0.004861746785859108,10.165767526658419,0.03739787960033829,-8.94424252004216,1.2605089451501836,2.4348693354466824,63.46818682968101
720.0,-10.204671484995893,10.204671484995893,-10.203165406258757,10.203165406258757,-10.201973534025544,0.0011918722332122655,0.00011682761469995412,2.5153375260221544,0.2197711155205591,0.0035972500890435436,0.1,0.004598292305296346,10.16589760663376,0.037267799624996496,-3.8777486151806393,6.326922869815254,2.435855769187567,63.46818682968101
725.0,-10.204548997458486,10.204548997458486,-10.203165406258757,10.203165406258757,-10.201973534025544,0.0011918722332122655,0.00011682761469995412,1.122633723623305,0.22405306997553162,0.0035786275367371266,0.1,0.005090290001287278,10.166026338623347,0.037139067635410375,-8.94424252004216,1.2603064774163268,2.435216873369556,63.46818682968101
730.0,-10.204138279373502,10.204138279373502,-10.203165406258757,10.203165406258757,-10.201974512184385,0.0011908940743712293,0.00011673172413329645,2.3123161481663854,0.3474102485261697,0.003560228391833,0.1,0.00669391677963816,10.166153745748876,0.037011660509880265,-4.857332310302475,5.346805969071028,2.4363725033456705,63.46818682968101
735.0,-10.205104712963026,10.205104712963026,-10.203165406258757,10.203165406258757,-10.201974512184385,0.0011908940743712293,0.00011673172413329645,1.7241965396082766,0.1806632730900308,0.0035420484713687655,0.1,0.0057652730623472094,10.16627985058059,0.03688555567816588,-7.232251005765872,2.972853707197154,2.4356166322515946,63.46818682968101
740.0,-10.204039156356725,10.204039156356725,-10.203165406258757,10.203165406258757,-10.201974718380542,0.0011906878782141916,0.00011671151037739496,1.140588312695559,0.2205653170550641,0.0035240836984593246,0.1,0.007152100463940143,10.166404675154066,0.036760731104690386,-8.903097457299026,1.3009416990576987,2.436298059690729,63.46818682968101
745.0,-10.203321976658057,10.203321976658057,-10.203165406258757,10.203165406258757,-10.201983335228165,0.001182071030591203,0.00011586678705006591,1.1220870984981048,0.20886294367941724,0.0035063300989123638,0.1,0.006317877832711879,10.166528240986391,0.03663716527236558,-8.94424252004216,1.259079456615897,2.4360893579867176,63.46818682968101
750.0,-10.203762123968037,10.203762123968037,-10.203165406258757,10.203165406258757,-10.201983335228165,0.001182071030591203,0.00011586678705006591,1.5728893255417742,0.1993888296952888,0.0034887837979736855,0.1,0.0033852909968645263,10.166650569091745,0.03651483716701107,-7.729781293564778,2.473980830403259,2.436072834122376,63.46818682968101
755.0,-10.203761570180411,10.203761570180411,-10.203165406258757,10.203165406258757,-10.201986764184134,0.0011786420746222603,0.00011553064141977622,1.7229507060688731,0.19468874892262014,0.003471441017196579,0.1,0.0022141624954272704,10.166771679996415,0.03639372626234195,-7.235202434637187,2.9685591355432246,2.4361916850958676,63.46818682968101
760.0,-10.203794600193444,10.203794600193444,-10.203165406258757,10.203165406258757,-10.201988344253818,0.0011770620049382785,0.00011537574492537511,1.595421279612895,0.21100997713318964,0.003454298071429721,0.1,0.006473190775973167,10.166891593753256,0.03627381250550058,-7.658425540751798,2.5453690594416454,2.43577075446209,63.46818682968101
765.0,-10.20386099551265,10.20386099551265,-10.203165406258757,10.203165406258757,-10.201993318213948,0.001172088044809172,0.00011488814080250429,1.5729207551392637,0.1902856735915658,0.003437351365918363,0.1,0.004684733123756,10.167010329955648,0.036155076303109365,-7.729781293564778,2.474079701947873,2.4366756567741694,63.46818682968101
770.0,-10.204011299426533,10.204011299426533,-10.203165406258757,10.203165406258757,-10.202000037864236,0.0011653683945205273,0.00011422940503776889,1.1223942174585408,0.13085968303620651,0.003420597393513851,0.1,0.0021195466982379557,10.167127907750935,0.036037498507822355,-8.94424252004216,1.2597687793843733,2.436537539589087,63.46818682968101
775.0,-10.203803968981111,10.203803968981111,-10.203165406258757,10.203165406258757,-10.202000037864236,0.0011653683945205273,0.00011422940503776889,2.154675919429186,0.24032074062162043,0.003404032731986737,0.1,0.004544249513640483,10.167244345853401,0.03592106040535498,-5.561175651213104,4.642628317768007,2.436617523344079,63.46818682968101
780.0,-10.20324935656328,10.20324935656328,-10.203165406258757,10.203165406258757,-10.202000037864236,0.0011653683945205273,0.00011422940503776889,1.757129888865261,0.1994872167716752,0.003387654041439015,0.1,0.0035432728139171304,10.167359662556786,0.03580574370197165,-7.115743910219636,3.087505446343644,2.4372327673267056,63.46818682968101
785.0,-10.203477756135626,10.203477756135626,-10.20316421280868,10.20316421280868,-10.202003601010036,0.00116061179864424,0.00011376312379749945,1.7734332546528089,0.15931906208421162,0.003371458061811202,0.1,0.002821796939532588,10.167472682296268,0.03569153051241249,-7.058412247427172,3.1450655087084547,2.4365514065607816,63.46818682968101
790.0,-10.203754088995899,10.203754088995899,-10.20316421280868,10.20316421280868,-10.202003601010036,0.00116061179864424,0.00011376312379749945,2.361578388597821,0.21940262935498606,0.00335544161048022,0.1,0.0056016503188056335,10.167585809460439,0.035578403348241,-4.6267016035036175,5.577052485492281,2.4367412099999806,63.46818682968101
795.0,-10.203715171141303,10.203715171141303,-10.20316421280868,10.20316421280868,-10.202003601010036,0.00116061179864424,0.00011376312379749945,1.1222622915785532,0.20356985979093536,0.003339601579944209,0.1,0.005952539856071967,10.167697867702085,0.03546634510659543,-8.94424252004216,1.2594726510991432,2.4364445290769154,63.46818682968101
800.0,-10.204376494843189,10.204376494843189,-10.20316421280868,10.20316421280868,-10.202006070503213,0.0011581423054671802,0.00011352103669254677,1.5956036331405716,0.23872940252605826,0.0033239349355906177,0.1,0.006111775383093956,10.167808873749353,0.035355339059327376,-7.658425540751798,2.5459509540913903,2.4364445186033987,63.46818682968101
805.0,-10.204504736692154,10.204504736692154,-10.20316421280868,10.20316421280868,-10.202008779779996,0.0011554330286838166,0.00011325544347441085,2.350110587363726,0.24149732699468496,0.0033084387135440545,0.1,0.003036978682633958,10.167918843966168,0.035245368842512066,-4.681484963853075,5.5230197728390795,2.4368590922262765,63.46818682968101
810.0,-10.204138111633718,10.204138111633718,-10.20316421280868,10.20316421280868,-10.202015333993801,0.0011488788148792395,0.00011261292766842822,1.1406316909216103,0.21894103252943597,0.0032931100185905975,0.1,0.004908450258143013,10.168027794362365,0.03513641844631533,-8.903097457299026,1.3010406543346917,2.436283646484823,63.46818682968101
815.0,-10.203683306372152,10.203683306372152,-10.20316421280868,10.20316421280868,-10.202015333993801,0.0011488788148792395,0.00011261292766842822,2.1658208486327006,0.21839011269237352,0.0032779460221753773,0.1,0.005025144292636134,10.168135740603477,0.035028472205202936,-5.512903358000082,4.690779948372071,2.436386711147311,63.46818682968101
820.0,-10.20376922346575,10.20376922346575,-10.20316421280868,10.20316421280868,-10.202016074428652,0.0011481383800280298,0.00011254034218842666,1.14046997600407,0.17978228354851794,0.0032629439604704214,0.1,0.004016234661537023,10.168242698020201,0.03492151478847891,-8.903097457299026,1.3006717661667242,2.4372010670412885,63.46818682968101
825.0,-10.203839903826914,10.203839903826914,-10.20316421280868,10.20316421280868,-10.20202249311198,0.0011417196967009602,0.00011191111345537675,2.2780596267870177,0.22419532330117223,0.003248101132509884,0.1,0.006731411061626749,10.168348681617541,0.034815531191139566,-5.014284240629909,5.189555663197005,2.437083937588089,63.46818682968101
830.0,-10.204275624291599,10.204275624291599,-10.20316421280868,10.20316421280868,-10.202023497813382,0.0011407149952979978,0.00011181262183354991,2.12301215041015,0.17618809190529278,0.003233414898389916,0.1,0.001526244509721808,10.16845370608365,0.03471050672503116,-5.697095033502469,4.50718059078913,2.4371745109185183,63.46818682968101
835.0,-10.203757102898559,10.203757102898559,-10.20316421280868,10.20316421280868,-10.202023497813382,0.0011407149952979978,0.00011181262183354991,1.7229494096639555,0.19189628650687376,0.003218882677530563,0.1,0.008524231137978028,10.16855778579838,0.03460642701029914,-7.235202434637187,2.9685546682613717,2.4370722087083507,63.46818682968101
840.0,-10.204118805490733,10.204118805490733,-10.20316421280868,10.20316421280868,-10.202023497813382,0.0011407149952979978,0.00011181262183354991,1.5972755562409515,0.2261890802827284,0.0032045019469971996,0.1,0.003148189894389635,10.168660934841563,0.03450327796711771,-7.652829602925893,2.55128920256484,2.437467172477466,63.46818682968101
845.0,-10.203587664884127,10.203587664884127,-10.20316421280868,10.20316421280868,-10.202026094873055,0.001138117935624905,0.00011155803024233165,2.2149047713554233,0.3030862573817096,0.003190270239879109,0.1,0.005638239504948517,10.168763167000991,0.034401045807689073,-5.297784518711107,4.90580314617302,2.4376342522318026,63.46818682968101
850.0,-10.20434467421216,10.20434467421216,-10.20316421280868,10.20316421280868,-10.202026094873055,0.001138117935624905,0.00011155803024233165,2.221761370064447,0.1389069224478651,0.0031761851437229543,0.1,0.003090320181599907,10.168864495780179,0.03429971702850177,-5.268121088701515,4.936223585510645,2.437759293378602,63.46818682968101
855.0,-10.204248289096544,10.204248289096544,-10.20316421280868,10.20316421280868,-10.202029358743873,0.001134854064806845,0.00011123807086814482,1.8223009606308358,0.1860446843190171,0.0031622442990189605,0.1,0.0020728698959677342,10.168964934405842,0.03419927840283847,-6.883467497980477,3.320780791116067,2.437579421467266,63.46818682968101
860.0,-10.20365898913179,10.20365898913179,-10.20316421280868,10.20316421280868,-10.202033748187128,0.0011304646215517522,0.00011080777122038363,1.765083322173157,0.2188647574046597,0.003148445397737739,0.1,0.0048344662112391554,10.169064495835157,0.034099716973523674,-7.088139854917966,3.115519134213825,2.4375607086804423,63.46818682968101
865.0,-10.203679364898207,10.203679364898207,-10.20316421280868,10.20316421280868,-10.202033748187128,0.0011304646215517522,0.00011080777122038363,2.3763846209940707,0.2553645445917627,0.0031347861819157846,0.1,0.0035581011111058417,10.169163192762777,0.034001020045902296,-4.556475498001074,5.647203866897133,2.4376651543950745,63.46818682968101
870.0,-10.203813103438195,10.203813103438195,-10.203161239628653,10.203161239628653,-10.202033748187128,0.001127491441524242,0.00011051634108979437,1.7229656609465578,0.20848356463840814,0.0031212644422877415,0.1,0.002221484937479883,10.169258064447613,0.033903175181040524,-7.235202434637187,2.9686106688010083,2.437384650760878,63.46818682968101
875.0,-10.204072970896659,10.204072970896659,-10.203161239628653,10.203161239628653,-10.20203860638513,0.001122633243522131,0.00011004008971496252,2.068013639488291,0.2072860228108476,0.0031078780169636494,0.1,0.0030489184872446173,10.169355069439511,0.033806170189140665,-5.9273925577870505,4.276680413109609,2.437729318312151,63.46818682968101
880.0,-10.20411788609121,10.20411788609121,-10.203161239628653,10.203161239628653,-10.202040135989664,0.00112110363898843,0.00010989014197596818,1.9107047188059159,0.1886213613184609,0.003094624790149432,0.1,0.004821352576825125,10.16945124650549,0.033709993123162106,-6.553325363624014,3.6507925224671958,2.437779298785063,63.46818682968101
885.0,-10.203509477580626,10.203509477580626,-10.203161239628653,10.203161239628653,-10.202040135989664,0.00112110363898843,0.00010989014197596818,1.4217623329099152,0.21384941726516202,0.0030815026909089822,0.1,0.0043211259173596495,10.169546607356011,0.033614632272640714,-8.182101346299184,2.021408131281442,2.4377369874813675,63.46818682968101
890.0,-10.203494290838789,10.203494290838789,-10.203161239628653,10.203161239628653,-10.202041309513193,0.001119930115459411,0.00010977510102954585,2.179049233236299,0.24033293198787256,0.003068509691966262,0.1,0.0034742739676834147,10.169641163470953,0.033520076157699544,-5.455238729971085,4.748255560867704,2.4380390253267072,63.46818682968101
895.0,-10.203947173009263,10.203947173009263,-10.203161239628653,10.203161239628653,-10.202044046791642,0.0011171928370110606,0.00010950676471176358,1.822218339011214,0.12483732629169873,0.0030556438085459123,0.1,0.005010566311813199,10.16973492610541,0.03342631352324378,-6.883467497980477,3.3204796750287864,2.4377301633221125,63.46818682968101
900.0,-10.204332243044858,10.204332243044858,-10.203161239628653,10.203161239628653,-10.202044046791642,0.0011171928370110606,0.00010950676471176358,1.6567193769639281,0.23648206295870008,0.003042903097250923,0.1,0.003595590180841013,10.16982790629532,0.03333333333333333,-7.459613149037111,2.7447190940077473,2.4375747636099767,63.46818682968101
905.0,-10.203846576970069,10.203846576970069,-10.203161239628653,10.203161239628653,-10.202050004273406,0.001111235355246265,0.0001089227512882993,2.3680455751302363,0.1995787076620021,0.0030302856549759842,0.1,0.005583558245953443,10.169920114862926,0.03324112476572668,-4.596206731076176,5.6076398458938925,2.4380427605514874,63.46818682968101
910.0,-10.203934790254607,10.203934790254607,-10.203161239628653,10.203161239628653,-10.202050004273406,0.001111235355246265,0.0001089227512882993,1.9281795166594118,0.20984862166399085,0.0030177896178551875,0.1,0.002272003804207839,10.170011562422063,0.033149677206589796,-6.486058541789682,3.7178762484649246,2.437985221904374,63.46818682968101
915.0,-10.203916640823651,10.203916640823651,-10.203161239628653,10.203161239628653,-10.202050004273406,0.001111235355246265,0.0001089227512882993,1.822209961240245,0.213639963232201,0.003005413160242821,0.1,0.003936000681177272,10.170102259383288,0.033058980245364314,-6.883467497980477,3.3204491428431746,2.438754503926673,63.46818682968101
920.0,-10.204410626599696,10.204410626599696,-10.203161239628653,10.203161239628653,-10.202051532904175,0.0011097067244776326,0.00010877289934270084,2.5082855386187672,0.22661172531241308,0.0029931544937260297,0.1,0.004121572550947662,10.170192215958863,0.03296902366978935,-3.912914283355657,6.291496343244039,2.4380291400405607,63.46818682968101
925.0,-10.203767891088418,10.203767891088418,-10.203161239628653,10.203161239628653,-10.20205528422158,0.0011059554070733668,0.00010840515722197947,1.5528887482296745,0.2288984088010549,0.0029810118661681858,0.1,0.0051142709076715635,10.170281442167582,0.032879797461071454,-7.792304426710091,2.4114634643783273,2.4382059834242495,63.46818682968101
930.0,-10.20375219679078,10.20375219679078,-10.203161239628653,10.203161239628653,-10.202055417003798,0.001105822624854369,0.00010839214056917304,1.8645756037091954,0.2760282875199302,0.002968983560781857,0.1,0.006809947826330039,10.170369947839456,0.032791291789197645,-6.727110014843269,3.4766421819475113,2.4386047489895093,63.46818682968101
935.0,-10.204206333097435,10.204206333097435,-10.203161239628653,10.203161239628653,-10.202055417003798,0.001105822624854369,0.00010839214056917304,1.586815090449024,0.19872176432662025,0.0029570678952302934,0.1,0.003488262390160216,10.170457742620266,0.03270349700838643,-7.686224201820692,2.517982131276743,2.4372260699849257,63.46818682968101
940.0,-10.203380182016796,10.203380182016796,-10.203161239628653,10.203161239628653,-10.20205603033188,0.0011052092967727134,0.00010833201596685999,2.0167986703143903,0.3201724216552043,0.0029452632207564154,0.1,0.00601821677858956,10.170544835975981,0.03261640365267211,-6.135903305434901,4.067476876581894,2.4383279363857486,63.46818682968101
945.0,-10.203843025343513,10.203843025343513,-10.203161239628653,10.203161239628653,-10.202058608987189,0.0011026306414638753,0.00010807923025383788,1.5920142099233252,0.21633579972938383,0.00293356792133832,0.1,0.0036031323384949432,10.170631237197036,0.03253000243161777,-7.669333780745723,2.53450924459779,2.4383134463766716,63.46818682968101
950.0,-10.203767669726247,10.203767669726247,-10.203161239628653,10.203161239628653,-10.202061814659272,0.0010994249693805358,0.00010776497823222162,1.5919905429934322,0.19285267694774721,0.0029219804128703584,0.1,0.005130223955473196,10.1707169554025,0.03244428422615251,-7.669333780745723,2.534433888980524,2.438304940981159,63.46818682968101
955.0,-10.204109515319278,10.204109515319278,-10.203161239628653,10.203161239628653,-10.202063060212074,0.0010981794165783043,0.00010764287674923233,1.8222628837077273,0.23686898493923464,0.0029104991423688858,0.1,0.005369413040755687,10.170801999544125,0.03235924008452868,-6.883467497980477,3.320642017338801,2.437629372048949,63.46818682968101
960.0,-10.203537515734673,10.203537515734673,-10.203161239628653,10.203161239628653,-10.202066054835104,0.0010951847935487535,0.00010734931411561567,1.1146344964088575,0.21491727031433397,0.0028991225872018133,0.1,0.0041719770767183004,10.170886378410257,0.03227486121839514,-8.961127455150047,1.2424100605846267,2.4377530658262923,63.46818682968101
965.0,-10.203525600925522,10.203525600925522,-10.203161239628653,10.203161239628653,-10.202066054835104,0.0010951847935487535,0.00010734931411561567,2.262523588313939,0.21424626295337285,0.0028878492543411233,0.1,0.003739543056324817,10.17097010062967,0.03219113899898252,-5.084512613248538,5.119012987676983,2.4379173813562103,63.46818682968101
970.0,-10.20359236909729,10.20359236909729,-10.203161239628653,10.203161239628653,-10.202068620981038,0.0010926186476147848,0.00010709775519131117,2.29252212305767,0.17239423239509616,0.002876677679637561,0.1,0.0034458325320744815,10.171053174675256,0.03210806495339678,-4.947934684388445,5.255657684708845,2.4384205662122427,63.46818682968101
975.0,-10.203390148362805,10.203390148362805,-10.203161239628653,10.203161239628653,-10.202070611606288,0.0010906280223643705,0.00010690261456567728,1.3415465292665583,0.20540921512254354,0.0028656064271167236,0.1,0.004040809764928483,10.171135608867635,0.03202563076101743,-8.403643058175657,1.7997470901871484,2.4380364273995796,63.46818682968101
980.0,-10.20348864394852,10.20348864394852,-10.203161239628653,10.203161239628653,-10.202070611606288,0.0010906280223643705,0.00010690261456567728,1.4217550061980917,0.25498410145266115,0.002854634088295811,0.1,0.004237971870051536,10.171217411378656,0.031943828249996996,-8.182101346299184,2.0213872976493352,2.438206835279773,63.46818682968101
985.0,-10.203221392426938,10.203221392426938,-10.203161239628653,10.203161239628653,-10.20207219689096,0.0010890427376928358,0.00010674720945659619,2.4777844949649532,0.24873379237870333,0.0028437592815203387,0.1,0.004645408152340386,10.171298590234795,0.03186264939385831,-4.063805388938208,6.13941600348873,2.438073648770959,63.46818682968101
990.0,-10.203719658617105,10.203719658617105,-10.203002355336029,10.203002355336029,-10.202076006734066,0.0009263486019630562,9.080000985599431e-05,1.722938543297444,0.1598143586230185,0.002832980651320115,0.1,0.0027627665236669725,10.171220269027842,0.03178208630818641,-7.235202434637187,2.9685172239799185,2.437788745399699,63.46818682968101
995.0,-10.20327203282747,10.20327203282747,-10.203002355336029,10.203002355336029,-10.202077319576226,0.0009250357598027392,9.067131436337353e-05,1.4216788267848284,0.13310680838490505,0.0028222968677838497,0.1,0.00197074709878677,10.171300224088617,0.031702131247412065,-8.182101346299184,2.0211706865282864,2.438171854394303,63.46818682968101
1000.0,-10.203303685919067,10.203303685919067,-10.203002355336029,10.203002355336029,-10.202077319576226,0.0009250357598027392,9.067131436337353e-05,1.72281782301028,0.1791861511089488,0.0028117066259517455,0.1,0.0028956602692018704,10.171379578734346,0.03162277660168379,-7.235202434637187,2.9681012512818805,2.438262581321029,63.46818682968101
1005.0,-10.203270741186234,10.203270741186234,-10.203002355336029,10.203002355336029,-10.202077804498636,0.0009245508373929567,9.062377832339932e-05,1.1402514125784755,0.17800714102864645,0.0028012086452254797,0.1,0.00231259230830223,10.171458340442204,0.03154401489382559,-8.903097457299026,1.300173283887208,2.437725287639036,63.46818682968101
1010.0,-10.203098983345129,10.203098983345129,-10.203002355336029,10.203002355336029,-10.202077804498636,0.0009245508373929567,9.062377832339932e-05,1.3170195590449716,0.24260379223200773,0.002790801668794993,0.1,0.005804039397185595,10.171536516559652,0.03146583877637763,-8.468558464438116,1.7345405189070124,2.43842874900277,63.46818682968101
1015.0,-10.203562992509806,10.203562992509806,-10.203002355336029,10.203002355336029,-10.202078469605699,0.0009238857303301984,9.05585791250933e-05,1.1403795575205575,0.21996665701630458,0.002780484463081522,0.1,0.003403476976472466,10.171614114307312,0.03138824102871723,-8.903097457299026,1.3004655352107797,2.438127661125625,63.46818682968101
1020.0,-10.203756106514838,10.203756106514838,-10.203002355336029,10.203002355336029,-10.20208299181371,0.0009193635223194718,9.011527577820938e-05,2.178192881102102,0.23997915770236458,0.0027702558171963407,0.1,0.004022502211490622,10.171691140781771,0.03131121455425748,-5.459231879230962,4.744524227283876,2.4384341807217544,63.46818682968101
1025.0,-10.203520691576898,10.203520691576898,-10.203002355336029,10.203002355336029,-10.20208371445526,0.0009186408807693169,9.004443665441612e-05,1.8645135228079284,0.20720700940673212,0.002760114542414694,0.1,0.0025672007300856395,10.171767602958308,0.031234752377721213,-6.727110014843269,3.4764106767336287,2.4382762750512104,63.46818682968101
1030.0,-10.203581764175059,10.203581764175059,-10.203002355336029,10.203002355336029,-10.20208371445526,0.0009186408807693169,9.004443665441612e-05,1.1403877879370827,0.21163194898114232,0.002750059471664424,0.1,0.0028951734736339025,10.171843507693541,0.03115884764248779,-8.903097457299026,1.300484306876033,2.438510686955672,63.46818682968101
1035.0,-10.203840920396562,10.203840920396562,-10.203002355336029,10.203002355336029,-10.202084359948325,0.0009179953877040958,8.998116025270209e-05,2.1203714778289857,0.2376958285692947,0.0027400894590288083,0.1,0.007015621643913323,10.171918861728019,0.03108349360801046,-5.707865716405886,4.495975203990676,2.437891803084373,63.46818682968101
1040.0,-10.204146849687925,10.204146849687925,-10.203002355336029,10.203002355336029,-10.202084365220674,0.0009179901153544279,8.998064341478041e-05,1.5227866903188585,0.2401849041549374,0.0027302033792631513,0.1,0.005662947435008577,10.171993671688726,0.031008683647302117,-7.885267545475663,2.3188793042122624,2.4376726870016907,63.46818682968101
1045.0,-10.203525937053463,10.203525937053463,-10.203002355336029,10.203002355336029,-10.202084365220674,0.0009179901153544279,8.998064341478041e-05,1.6866921316634373,0.2940223494131286,0.002720400127324684,0.1,0.007834138136316799,10.172067944091541,0.030934411244487297,-7.358595590038115,2.8449303470153486,2.438324249697432,63.46818682968101
1050.0,-10.203461421173655,10.203461421173655,-10.203002355336029,10.203002355336029,-10.202086967430507,0.000915387905521925,8.972555404048611e-05,1.7590850644612848,0.1316710422241,0.002710678617915341,0.1,0.003229385700572229,10.172141685343611,0.030860669992418384,-7.1090811571628905,3.0943802640107645,2.438435674268165,63.46818682968101
1055.0,-10.203756704132322,10.203756704132322,-10.203002355336029,10.203002355336029,-10.202086967430507,0.000915387905521925,8.972555404048611e-05,2.6471245711577183,0.2322142918835505,0.002701037785037007,0.1,0.0029277094053885544,10.172214901745674,0.030787453590353963,-3.1964882089053877,7.007268495226935,2.4385928913049963,63.46818682968101
1060.0,-10.203812983832215,10.203812983832215,-10.203002355336029,10.203002355336029,-10.202090020652925,0.0009123346831039214,8.942625297924325e-05,1.759184989325831,0.2804895558524202,0.0026914765815588314,0.1,0.003419649481922893,10.17228759949433,0.03071475584169756,-7.1090811571628905,3.0947318266693244,2.438713690882954,63.46818682968101
1065.0,-10.20380842502501,10.20380842502501,-10.203002355336029,10.203002355336029,-10.202090020652925,0.0009123346831039214,8.942625297924325e-05,1.6517517602815537,0.24706166954821782,0.002681993978796232,0.1,0.004239947571306465,10.172359784684234,0.03064257065179478,-7.4755245474317995,2.72828387759321,2.4389657752847924,63.46818682968101
1070.0,-10.203710420022704,10.203710420022704,-10.203002355336029,10.203002355336029,-10.202092251376628,0.0009101039594003879,8.920757987437157e-05,1.421832997831855,0.15525658819829713,0.0026725889661012164,0.1,0.005141612752187656,10.172431463310241,0.030570892025787156,-8.182101346299184,2.0216090737235195,2.4387906092047484,63.46818682968101
1075.0,-10.203425549560372,10.203425549560372,-10.203002355336029,10.203002355336029,-10.202093801380615,0.0009085539554138933,8.905563633329286e-05,2.049703554848676,0.30449641226253416,0.002663260550463666,0.1,0.0044540791092950414,10.172502641269508,0.030499714066520935,-6.002140886801072,4.201284662759299,2.4391716825210223,63.46818682968101
1080.0,-10.203576363578293,10.203576363578293,-10.203002355336029,10.203002355336029,-10.202096067163495,0.0009062881725334648,8.883352661718677e-05,1.8261139791654104,0.12535427661941573,0.002654007756123241,0.1,0.003170997386436792,10.172573324363519,0.03042903097250923,-6.8688840986749655,3.3346922649033273,2.438040753457748,63.46818682968101
1085.0,-10.203241970801528,10.203241970801528,-10.20289554461302,10.20289554461302,-10.202096067163495,0.000799477449524133,7.836403855256119e-05,1.5918254270037926,0.19867189514778605,0.0026448296241915734,0.1,0.008872646025727904,10.172536707577073,0.030358837035945812,-7.669333780745723,2.533908190055805,2.438877836440031,63.46818682968101
1090.0,-10.2032966080585,10.2032966080585,-10.20289554461302,10.20289554461302,-10.202096067163495,0.000799477449524133,7.836403855256119e-05,2.4979513908139546,0.2799801032188949,0.0026357252122844333,0.1,0.0022834651244015734,10.17260641797225,0.030289126640769135,-3.9635354571891295,6.23976115086937,2.438833885794309,63.46818682968101
1095.0,-10.20375969673858,10.20375969673858,-10.20289554461302,10.20289554461302,-10.202099628353988,0.000795916259031415,7.801494672913996e-05,2.214943606060315,0.26855137141167595,0.0026266935941635554,0.1,0.0035910227070251794,10.172675650352245,0.03021989426077497,-5.297784518711107,4.9059751780274725,2.4389402007436587,63.46818682968101
1100.0,-10.203322529575606,10.203322529575606,-10.20289554461302,10.20289554461302,-10.202099715806536,0.000795828806483101,7.800637404573594e-05,1.6516046688429427,0.25663519429205844,0.0026177338593878366,0.1,0.003675370320102823,10.172744410155243,0.030151134457776358,-7.4755245474317995,2.727797982143807,2.438609019121779,63.46818682968101
1105.0,-10.203455359521666,10.203455359521666,-10.20289554461302,10.20289554461302,-10.202099830282116,0.0007957143309038628,7.799515238441448e-05,2.3623122407300703,0.31409714790376975,0.0026088451129736077,0.1,0.003428100106299856,10.17281270273321,0.030082841879809342,-4.622936236818538,5.580519122703127,2.439030838502833,63.46818682968101
1110.0,-10.203360406380712,10.203360406380712,-10.20289554461302,10.20289554461302,-10.202099974799008,0.0007955698140111878,7.798098587314238e-05,1.4217099071475625,0.2652527558888234,0.0026000264750637163,0.1,0.004861675257236437,10.172880533353636,0.030015011259383207,-8.182101346299184,2.021259060081528,2.438541371437404,63.46818682968101
1115.0,-10.203599949330219,10.203599949330219,-10.20289554461302,10.20289554461302,-10.202102375076532,0.0007931695364877811,7.774569469381855e-05,2.0834031376150226,0.16033652331417395,0.0025912770806051414,0.1,0.005370622727099707,10.172947907201245,0.02994763741177399,-5.863031315506095,4.340568633824123,2.439374471450064,63.46818682968101
1120.0,-10.203807457261673,10.203807457261673,-10.20289554461302,10.20289554461302,-10.202103546573074,0.0007919980399453408,7.763085684533912e-05,1.1147555795382356,0.19440658694475235,0.002582596079034891,0.1,0.003366625285503287,10.17301482937966,0.02988071523335984,-8.961127455150047,1.2426800021116264,2.438924421572065,63.46818682968101
1125.0,-10.20366439072395,10.20366439072395,-10.20289554461302,10.20289554461302,-10.202105738708216,0.0007898059048034867,7.741596931375183e-05,1.8468990747342364,0.1578754572353122,0.002573982633973931,0.1,0.0040923858816971324,10.173081304913023,0.0298142396999972,-6.7926281984697745,3.4110361922541763,2.438979100495764,63.46818682968101
1130.0,-10.203699891667817,10.203699891667817,-10.20289554461302,10.20289554461302,-10.202105738708216,0.0007898059048034867,7.741596931375183e-05,1.8309769982589321,0.23822518085420494,0.002565435922928906,0.1,0.008718057705975146,10.173147338747583,0.029748205865436483,-6.851223123514528,3.3524767681532897,2.4388806512949124,63.46818682968101
1135.0,-10.203635907242992,10.203635907242992,-10.20289554461302,10.20289554461302,-10.202105738708216,0.0007898059048034867,7.741596931375183e-05,1.6867247307147897,0.2700131361018394,0.0025569551370014177,0.1,0.005021152645344494,10.173212935753243,0.02968260885977624,-7.358595590038115,2.8450403172048775,2.4393391574191354,63.46818682968101
1140.0,-10.203522538355205,10.203522538355205,-10.20289554461302,10.20289554461302,-10.202111358751232,0.000784185861787634,7.686505608615713e-05,1.14036182023785,0.2210089165173994,0.002548539480604641,0.1,0.002569446831929334,10.173278100725065,0.029617443887954616,-8.903097457299026,1.3004250810561793,2.4390352445239554,63.46818682968101
1145.0,-10.203511411530375,10.203511411530375,-10.20289554461302,10.20289554461302,-10.202111358751232,0.000784185861787634,7.686505608615713e-05,2.6472565075180876,0.27259756856695916,0.002540188171187061,0.1,0.005018542825250142,10.173342838384743,0.029552706228277083,-3.1955443949335125,7.007967016596862,2.4393624910697103,63.46818682968101
1150.0,-10.204198346224636,10.204198346224636,-10.20289554461302,10.20289554461302,-10.202111358751232,0.000784185861787634,7.686505608615713e-05,2.3616724461112337,0.20225680643322752,0.002531900438963115,0.1,0.00968909738598643,10.17340715338204,0.029488391230979426,-4.6267016035036175,5.577496742721019,2.43904722067717,63.46818682968101
1155.0,-10.203934640977783,10.203934640977783,-10.20289554461302,10.20289554461302,-10.202111358751232,0.000784185861787634,7.686505608615713e-05,2.0524403607678927,0.3129853462871347,0.0025236755266505504,0.1,0.004334514291238536,10.173471050296195,0.029424494316824982,-5.991423206468747,4.212511434509036,2.439375450044213,63.46818682968101
1160.0,-10.204061992349452,10.204061992349452,-10.20289554461302,10.20289554461302,-10.202111358751232,0.000784185861787634,7.686505608615713e-05,1.4219566259384522,0.17449140468873592,0.0025155126892142878,0.1,0.005116040456052164,10.173534533637284,0.029361010975735173,-8.182101346299184,2.0219606460502675,2.4393075813783565,63.46818682968101
1165.0,-10.203908464533358,10.203908464533358,-10.20289554461302,10.20289554461302,-10.202111358751232,0.000784185861787634,7.686505608615713e-05,1.8790736784406363,0.22423475184342043,0.0025074111936166156,0.1,0.003702248633530327,10.173597607847567,0.029297936765452382,-6.672990575524935,3.530917889008423,2.4397177063673445,63.46818682968101
1170.0,-10.203845298693931,10.203845298693931,-10.20289554461302,10.20289554461302,-10.202111358751232,0.000784185861787634,7.686505608615713e-05,1.4218804283042752,0.2032921527631971,0.002499370318573521,0.1,0.002832136377747546,10.173660277302785,0.029235267310234306,-8.182101346299184,2.021743952394747,2.439293463256774,63.46818682968101
1175.0,-10.203539227261562,10.203539227261562,-10.20289554461302,10.20289554461302,-10.202111358751232,0.000784185861787634,7.686505608615713e-05,2.810210730067222,0.28779815165149514,0.002491389354316989,0.1,0.003497441926503751,10.17372254631344,0.02917299829957891,-2.3062548798766143,7.8972843473849474,2.4400070010712573,63.46818682968101
1180.0,-10.203555278986663,10.203555278986663,-10.20289554461302,10.20289554461302,-10.202115122099531,0.0007804225134879772,7.649614850918984e-05,1.3940980294864456,0.16732711706819547,0.0024834676023630944,0.1,0.002422691326137511,10.17378441912604,0.0291111254869791,-8.260045963168674,1.9435093158179892,2.4389106321432332,63.46818682968101
1185.0,-10.20341844682518,10.20341844682518,-10.20289554461302,10.20289554461302,-10.202115122099531,0.0007804225134879772,7.649614850918984e-05,1.7940186896318087,0.17704078370124118,0.0024756043752857254,0.1,0.003260265651513116,10.173845899924313,0.029049644688706338,-6.9849153880769475,3.218503058748233,2.439860767970679,63.46818682968101
1190.0,-10.203686219133226,10.203686219133226,-10.20289554461302,10.20289554461302,-10.202116553818119,0.0007789907949007358,7.635580232703774e-05,1.122249392555445,0.13594011269099487,0.002467798996495774,0.1,0.0014055755295223225,10.173906992830396,0.028988551782622423,-8.94424252004216,1.259443699091067,2.4391117863134086,63.46818682968101
1195.0,-10.203619168339237,10.203619168339237,-10.20289554461302,10.20289554461302,-10.202117965258998,0.0007775793540218956,7.62174439336779e-05,2.1203191863333575,0.17346696805782189,0.002460050800025645,0.1,0.004461503482453151,10.173967701906001,0.028927842707018585,-5.707865716405886,4.495753451933352,2.439826531866697,63.46818682968101
1200.0,-10.203664731885233,10.203664731885233,-10.20289554461302,10.20289554461302,-10.202117965258998,0.0007775793540218956,7.62174439336779e-05,1.1404241643293118,0.2482318093505086,0.0024523591303189265,0.1,0.00942834063434877,10.174028031153538,0.028867513459481284,-8.903097457299026,1.3005672745862071,2.439178688773741,63.46818682968101
1205.0,-10.20385093099952,10.20385093099952,-10.20289554461302,10.20289554461302,-10.202117965258998,0.0007775793540218956,7.62174439336779e-05,1.7418651185197753,0.21822275727519888,0.0024447233420250842,0.1,0.002492451369454382,10.174087984517236,0.02880756009578387,-7.169756839883611,3.034094091115909,2.439062577000704,63.46818682968101
1210.0,-10.203402752316517,10.203402752316517,-10.20289554461302,10.20289554461302,-10.202122501114392,0.0007730434986275014,7.577281085804066e-05,2.6350336357555255,0.27784587369591035,0.002437142799799036,0.1,0.0053346862457443285,10.174147565884216,0.02874797872880345,-3.2600004907535327,6.9434022615629845,2.4399803803127638,63.46818682968101
1215.0,-10.203565512703834,10.203565512703834,-10.20289554461302,10.20289554461302,-10.202124364138397,0.0007711804746222128,7.559018564143347e-05,1.722893809283279,0.1954848736364986,0.0024296168781054697,0.1,0.0027423030521478912,10.174206779085557,0.02868876552746235,-7.235202434637187,2.9683630780666475,2.439294483246789,63.46818682968101
1220.0,-10.203494324683783,10.203494324683783,-10.20289554461302,10.20289554461302,-10.202124364138397,0.0007711804746222128,7.559018564143347e-05,1.5225724216627987,0.14101427003576297,0.002422144961027778,0.1,0.004311436003029389,10.174265627897325,0.028629916715693413,-7.885267545475663,2.3182267792081204,2.4396714698155835,63.46818682968101
1225.0,-10.203485753712984,10.203485753712984,-10.20289554461302,10.20289554461302,-10.202124364138397,0.0007711804746222128,7.559018564143347e-05,1.822091725389397,0.17411483041493347,0.002414726442081476,0.1,0.0050605735684573884,10.174324116041591,0.02857142857142857,-6.883467497980477,3.3200182557325073,2.4399495452643563,63.46818682968101
1230.0,-10.203625121161567,10.203625121161567,-10.20289554461302,10.20289554461302,-10.202124364138397,0.0007711804746222128,7.559018564143347e-05,1.7237674191710721,0.316692729685211,0.0024073607240319844,0.1,0.005429653789779119,10.17438224718741,0.028513297425610054,-7.232251005765872,2.9713741153956947,2.439561694202092,63.46818682968101
1235.0,-10.203913325905802,10.203913325905802,-10.20289554461302,10.20289554461302,-10.202125295644226,0.0007702489687932967,7.549887366332903e-05,1.6289368079529252,0.19295669553101097,0.002400047218716656,0.1,0.0026885718835002554,10.174440024951796,0.02845551966122361,-7.550478201601937,2.653435124303865,2.439532173933589,63.46818682968101
1240.0,-10.203964445138556,10.203964445138556,-10.20289554461302,10.20289554461302,-10.202125693539363,0.0007698510736560138,7.54598695194995e-05,1.9871033659417408,0.17403793408741536,0.0023927853468709327,0.1,0.003810489741027977,10.174497452900667,0.02839809171235324,-6.25538465820156,3.948579786936996,2.4401480200905348,63.46818682968101
1245.0,-10.203497994087485,10.203497994087485,-10.20289554461302,10.20289554461302,-10.202126997528639,0.0007685470843803444,7.53320444419597e-05,1.1146167677446084,0.1656895984009351,0.0023855745379585147,0.1,0.0024024831547218785,10.174554534549763,0.028341010063256785,-8.961127455150047,1.242370538937438,2.4397075648519495,63.46818682968101
1250.0,-10.203319459799172,10.203319459799172,-10.20289554461302,10.20289554461302,-10.202127430393555,0.0007681142194648771,7.52896123583556e-05,2.3614863658923704,0.284156049993656,0.0023784142300054423,0.1,0.005397258808440373,10.174611273365558,0.0282842712474619,-4.6267016035036175,5.576617856295554,2.4391537061517976,63.46818682968101
1255.0,-10.203325415932614,10.203325415932614,-10.20289554461302,10.20289554461302,-10.202129035289138,0.000766509323881337,7.513229064541168e-05,2.0652433842326756,0.1487036338720673,0.0023713038694379764,0.1,0.004521288512481121,10.174667672766137,0.028227871846881837,-5.938095179815777,4.265230236116837,2.4393364263334703,63.46818682968101
1260.0,-10.203118961562845,10.203118961562845,-10.20289554461302,10.20289554461302,-10.202130159076477,0.0007653855365425954,7.502213014422863e-05,1.7227642110647816,0.1743059283771037,0.002364242910924186,0.1,0.004376848625931636,10.174723736122068,0.02817180849095055,-7.235202434637187,2.9679165269256584,2.43950849767674,63.46818682968101
1265.0,-10.20343561530522,10.20343561530522,-10.20289554461302,10.20289554461302,-10.202130159076477,0.0007653855365425954,7.502213014422863e-05,2.2395210780297483,0.18021640367570332,0.002357230817219129,0.1,0.002213264565758169,10.174779466757244,0.028116077855776665,-5.187980956365694,5.015454658939527,2.4396244202222106,63.46818682968101
1270.0,-10.203205413880205,10.203205413880205,-10.20289554461302,10.20289554461302,-10.202132420615236,0.0007631239977836657,7.480044037084217e-05,2.4631190791218116,0.24010797885683874,0.0023502670590135476,0.1,0.0029345206998523236,10.174834867949704,0.028060676663315687,-4.136249815946325,6.06695559793388,2.4393660555731467,63.46818682968101
1275.0,-10.203107236861815,10.203107236861815,-10.20289554461302,10.20289554461302,-10.202134031382377,0.0007615132306426631,7.46425432463642e-05,1.686568008360085,0.19140019431176364,0.0023433511147859737,0.1,0.003030349604279472,10.17488994293246,0.0280056016805602,-7.358595590038115,2.8445116468237,2.4393288387225134,63.46818682968101
1280.0,-10.20296489985107,10.20296489985107,-10.2028300914398,10.2028300914398,-10.202134067911707,0.0006960235280928373,6.822332694901623e-05,1.4215708049731073,0.17450966952743685,0.002336482470658157,0.1,0.003677706096256453,10.174879241721053,0.02795084971874737,-8.182101346299184,2.0208635535518855,2.4393376582756283,63.46818682968101
1285.0,-10.203369173334018,10.203369173334018,-10.2028300914398,10.2028300914398,-10.202134067911707,0.0006960235280928373,6.822332694901623e-05,1.1402945742372856,0.16953372079551102,0.002329660620253731,0.1,0.0020176012067054127,10.174933673807217,0.027896417632583534,-8.903097457299026,1.3002717160349917,2.439110816810571,63.46818682968101
1290.0,-10.203545478811572,10.203545478811572,-10.2028300914398,10.2028300914398,-10.202134677650028,0.0006954137897725587,6.81635571128082e-05,2.4137311423480576,0.2016622647674415,0.0023228850645600294,0.1,0.003537640887774248,10.174987789120316,0.027842302319485226,-4.377447451270714,5.826098027540858,2.439553969704917,63.46818682968101
1295.0,-10.2030936826707,10.2030936826707,-10.2028300914398,10.2028300914398,-10.202136662157322,0.0006934292824780641,6.796902506219055e-05,1.5864644593718469,0.2008265630772813,0.002316155311792972,0.1,0.0025721055835345908,10.175041590720964,0.02778850071883642,-7.686224201820692,2.5168694808500076,2.4393505896912653,63.46818682968101
1300.0,-10.203252480556838,10.203252480556838,-10.2028300914398,10.2028300914398,-10.202136662157322,0.0006934292824780641,6.796902506219055e-05,1.1220561307326289,0.2366954858098508,0.002309470877264941,0.1,0.004834606666631982,10.17509508162854,0.027735009811261455,-8.94424252004216,1.2590099605146783,2.4391333268340216,63.46818682968101
1305.0,-10.203312749269543,10.203312749269543,-10.2028300914398,10.2028300914398,-10.202137042868983,0.0006930485708167566,6.793170567152681e-05,1.6402687180876308,0.1707551054468547,0.0023028312832555674,0.1,0.0024375572053930484,10.175148264821887,0.027681826617913324,-7.512831281732704,2.6904814675368387,2.439283816781629,63.46818682968101
1310.0,-10.203279164082462,10.203279164082462,-10.2028300914398,10.2028300914398,-10.202140158223944,0.0006899332158560867,6.762632204184448e-05,2.2954659998561464,0.2145364473008752,0.0022962360588853576,0.1,0.002880435646812452,10.175201143240024,0.02762894819977688,-4.934115007586885,5.2691641564955765,2.439558203486671,63.46818682968101
1315.0,-10.203271734627776,10.203271734627776,-10.2028300914398,10.2028300914398,-10.202140158223944,0.0006899332158560867,6.762632204184448e-05,1.4216787219089246,0.24910875155032758,0.002289684739992081,0.1,0.002756861555479112,10.175253719782814,0.027576371656986686,-8.182101346299184,2.021170388328592,2.439304997250728,63.46818682968101
1320.0,-10.20324104526553,10.20324104526553,-10.2028300914398,10.2028300914398,-10.202140158223944,0.0006899332158560867,6.762632204184448e-05,2.192495651056949,0.19718514920671468,0.002283176869009852,0.1,0.0034677766081922107,10.175305997311641,0.027524094128159017,-5.3962038653618976,4.807037179903633,2.4396183215906224,63.46818682968101
1325.0,-10.203113539843601,10.203113539843601,-10.2028300914398,10.2028300914398,-10.202142254192765,0.0006878372470353611,6.74208641574941e-05,2.105199523798704,0.15222502258046763,0.0022767119948508417,0.1,0.0043901984893303945,10.175357978650062,0.027472112789737803,-5.77124850484131,4.431865035002291,2.439712439749243,63.46818682968101
1330.0,-10.203291937496726,10.203291937496726,-10.2028300914398,10.2028300914398,-10.202142254192765,0.0006878372470353611,6.74208641574941e-05,1.140260707118202,0.20821609685427156,0.0022702896727895385,0.1,0.005000319279366524,10.175409666584446,0.027420424855354085,-8.903097457299026,1.3001944801976997,2.439506758792906,63.46818682968101
1335.0,-10.203490655034177,10.203490655034177,-10.2028300914398,10.2028300914398,-10.202142408867243,0.0006876825725576907,6.740570215526378e-05,2.192552573981358,0.2365109253288001,0.0022639094643495104,0.1,0.001274635607552738,10.175461063864601,0.027369027575198667,-5.3962038653618976,4.807286789672279,2.4395278332249606,63.46818682968101
1340.0,-10.203179689412755,10.203179689412755,-10.2028300914398,10.2028300914398,-10.202142408867243,0.0006876825725576907,6.740570215526378e-05,2.36145677197554,0.1890733056817603,0.0022575709371925948,0.1,0.00398777461766897,10.175512173204392,0.027317918235407655,-4.6267016035036175,5.576478085909137,2.4398076542334803,63.46818682968101
1345.0,-10.203247893343809,10.203247893343809,-10.2028300914398,10.2028300914398,-10.202143450694667,0.00068664074513336,6.730357678773929e-05,2.345652686586853,0.13814646851180304,0.0022512736650104597,0.1,0.003520402525659043,10.17556299728234,0.027267094157460592,-4.7011613672516885,5.50208652609212,2.440010998835427,63.46818682968101
1350.0,-10.20296910574784,10.20296910574784,-10.2028300914398,10.2028300914398,-10.202145183675473,0.0006849077643273915,6.713370100077751e-05,1.5787733980190435,0.22298601472521956,0.0022450172274184705,0.1,0.004491271121583609,10.17561353874221,0.027216552697590865,-7.710443663455244,2.492525442292596,2.4397479999113876,63.46818682968101
1355.0,-10.203183935757213,10.203183935757213,-10.2028300914398,10.2028300914398,-10.202145183675473,0.0006849077643273915,6.713370100077751e-05,2.210222968262945,0.2235576827013101,0.0022388012098518172,0.1,0.0019351170402924969,10.175663800193592,0.02716629124620806,-5.31809836632015,4.885085569437063,2.4398195729999,63.46818682968101
1360.0,-10.203266675209179,10.203266675209179,-10.2028300914398,10.2028300914398,-10.202145824561297,0.0006842668785029815,6.70708780554414e-05,1.522497661651247,0.1206571673414199,0.0022326252034638315,0.1,0.0026869006502589993,10.175713784212467,0.02711630722733202,-7.885267545475663,2.317999129733516,2.4395808848781395,63.46818682968101
1365.0,-10.203070424760917,10.203070424760917,-10.2028300914398,10.2028300914398,-10.202146749037123,0.0006833424026773116,6.698025616440044e-05,2.0033979730169147,0.2581269670873286,0.0022264888050264526,0.1,0.0024887279427623942,10.175763493341762,0.027066598098038335,-6.1894669864726355,4.013603438288281,2.439718621278366,63.46818682968101
1370.0,-10.203295872097405,10.203295872097405,-10.2028300914398,10.2028300914398,-10.202146749037123,0.0006833424026773116,6.698025616440044e-05,1.5452852109871558,0.19439797621823623,0.002220391616832776,0.1,0.0034195574062534837,10.175812930091885,0.02701716134791496,-7.815389488801789,2.3879063832956158,2.4400295293237684,63.46818682968101
1375.0,-10.203692067476576,10.203692067476576,-10.2028300914398,10.2028300914398,-10.202148759614676,0.0006813318251239764,6.678316903406038e-05,2.382474724203372,0.1858449077574355,0.0022143332466016486,0.1,0.004638457396780379,10.175862096941271,0.026967994498529685,-4.527506256008643,5.676185811467932,2.439746083946019,63.46818682968101
1380.0,-10.20347612506706,10.20347612506706,-10.2028300914398,10.2028300914398,-10.202148759614676,0.0006813318251239764,6.678316903406038e-05,2.3498917339345624,0.2266510129029301,0.0022083133073842443,0.1,0.0031713013251857772,10.175910996336892,0.026919095102908276,-4.681484963853075,5.521991161213984,2.4399934617895873,63.46818682968101
1385.0,-10.20317178356974,10.20317178356974,-10.2028300914398,10.2028300914398,-10.202148759614676,0.0006813318251239764,6.678316903406038e-05,1.6515590319870315,0.22167715886274827,0.002202331417472587,0.1,0.005307492279770967,10.175959630694777,0.026870460745022952,-7.4755245474317995,2.7276472361379405,2.439708381094642,63.46818682968101
1390.0,-10.203317140445373,10.203317140445373,-10.2028300914398,10.2028300914398,-10.202149408909424,0.0006806825303762309,6.671952184720981e-05,1.4216946909045518,0.2546978622219861,0.002196387200309962,0.1,0.0033943655465480805,10.17600800240051,0.026822089039291005,-8.182101346299184,2.0212157941461886,2.4396155102940886,63.46818682968101
1395.0,-10.203233488693659,10.203233488693659,-10.2028300914398,10.2028300914398,-10.202150071340451,0.0006800200993488659,6.665458698349834e-05,1.7590202760431075,0.17162213785233837,0.002190480284403175,0.1,0.006314790295142791,10.176056113809716,0.026773977630083295,-7.1090811571628905,3.0941523315307684,2.439639193367027,63.46818682968101
1400.0,-10.203083855035079,10.203083855035079,-10.2028300914398,10.2028300914398,-10.202150071340451,0.0006800200993488659,6.665458698349834e-05,1.9602455465937618,0.2051490598374876,0.002184610303236616,0.1,0.004352862212865336,10.176103967248558,0.026726124191242435,-6.360521252094402,3.842562602940677,2.440165449647317,63.46818682968101
1405.0,-10.203215816536177,10.203215816536177,-10.2028300914398,10.2028300914398,-10.202152494833271,0.0006775966065291072,6.641702394394379e-05,1.7227923211748395,0.1994565335126306,0.0021787768951880802,0.1,0.002469473610309875,10.17615156501419,0.026678526425610406,-7.235202434637187,2.9680133818989907,2.439774043938258,63.46818682968101
1410.0,-10.203075508205036,10.203075508205036,-10.2028300914398,10.2028300914398,-10.202152494833271,0.0006775966065291072,6.641702394394379e-05,1.1401657997440606,0.2646399921836007,0.002172979703446308,0.1,0.006546371367343586,10.176198909375234,0.026631182064565374,-8.903097457299026,1.2999780509060095,2.439830098553674,63.46818682968101
1415.0,-10.203244382011338,10.203244382011338,-10.2028300914398,10.2028300914398,-10.202152494833271,0.0006775966065291072,6.641702394394379e-05,1.5727247338445967,0.2330592636893099,0.0021672183759301987,0.1,0.003525468283473505,10.176246002572233,0.026584088867567534,-7.729781293564778,2.47346308844656,2.439947637291385,63.46818682968101
1420.0,-10.203062476362673,10.203062476362673,-10.2028300914398,10.2028300914398,-10.202154705181005,0.00067538625879493,6.620035456352623e-05,1.5951918178109097,0.24222124736458506,0.002161492565209663,0.1,0.005609728585872894,10.176292846818086,0.026537244621713762,-7.658425540751798,2.5446369356108747,2.4400226284565756,63.46818682968101
1425.0,-10.203585402082117,10.203585402082117,-10.202798617113448,10.202798617113448,-10.202154705181005,0.0006439119324426201,6.311528800044754e-05,1.5226023304219845,0.20149925850690448,0.0021558019284280707,0.1,0.003982410886020987,10.176307969972147,0.02649064714130088,-7.885267545475663,2.3183178566064546,2.439522935586869,63.46818682968101
1430.0,-10.203568079057874,10.203568079057874,-10.202798617113448,10.202798617113448,-10.202154705181005,0.0006439119324426201,6.311528800044754e-05,1.722894554063216,0.1698943412392609,0.002150146127226262,0.1,0.003004249271996289,10.17635432284605,0.026444294267397254,-7.235202434637187,2.968365644420687,2.439495296329311,63.46818682968101
1435.0,-10.203440229218272,10.203440229218272,-10.202798617113448,10.202798617113448,-10.202156778249691,0.000641838863757016,6.291207611368737e-05,2.405828846960472,0.22267932894284725,0.0021445248276680774,0.1,0.003931455515635235,10.176400433246025,0.02639818386742273,-4.415427788351119,5.788012440867153,2.4398303253759326,63.46818682968101
1440.0,-10.20304778604993,10.20304778604993,-10.202798617113448,10.202798617113448,-10.202157683317942,0.0006409337955055605,6.282335711724819e-05,1.7733120251728849,0.2373495435081793,0.002138937700167377,0.1,0.005644310827215018,10.176446303278711,0.026352313834736494,-7.058412247427172,3.144635538622759,2.4402040517087418,63.46818682968101
1445.0,-10.203354261657026,10.203354261657026,-10.202798617113448,10.202798617113448,-10.202157683317942,0.0006409337955055605,6.282335711724819e-05,1.6516142752547358,0.1538251462024618,0.0021333844194165144,0.1,0.0027540565125833624,10.176491935025215,0.02630668208823282,-7.4755245474317995,2.7278297142252264,2.4399517990538464,63.46818682968101
1450.0,-10.203340771001162,10.203340771001162,-10.202798617113448,10.202798617113448,-10.202157683317942,0.0006409337955055605,6.282335711724819e-05,1.9075003021023031,0.22693407246650754,0.002127864664316226,0.1,0.0031222247396206757,10.176537330541503,0.02626128657194451,-6.564783368480785,3.6385574025203775,2.440422482595024,63.46818682968101
1455.0,-10.203709780334496,10.203709780334496,-10.202798617113448,10.202798617113448,-10.202157683317942,0.0006409337955055605,6.282335711724819e-05,2.1203405537622038,0.1739785042256958,0.0021223781179069085,0.1,0.006002730783027538,10.176582491858793,0.026216125254653815,-5.707865716405886,4.49584406392861,2.4398151591654154,63.46818682968101
1460.0,-10.203381048534203,10.203381048534203,-10.202798617113448,10.202798617113448,-10.202157683317942,0.0006409337955055605,6.282335711724819e-05,1.5527641874489861,0.22258810888186473,0.0021169244673012494,0.1,0.004444927859333557,10.176627420983937,0.026171196129510688,-7.792304426710091,2.4110766218241118,2.440141013510889,63.46818682968101
1465.0,-10.203091014721593,10.203091014721593,-10.202798617113448,10.202798617113448,-10.202157683317942,0.0006409337955055605,6.282335711724819e-05,1.8639180719121033,0.2287483504494715,0.002111503403618181,0.1,0.00499646167473787,10.17667211989979,0.026126497213658208,-6.7289004359210605,3.474190578800533,2.4399796716181754,63.46818682968101
1470.0,-10.20347642097873,10.20347642097873,-10.202798617113448,10.202798617113448,-10.20216067771311,0.0006379394003381833,6.252983269826154e-05,1.723724286309402,0.21613361513212154,0.002106114621918124,0.1,0.0033274408288644745,10.176716590565583,0.026082026547865053,-7.232251005765872,2.9712254152128574,2.440021410708373,63.46818682968101
1475.0,-10.203793725065662,10.203793725065662,-10.202798617113448,10.202798617113448,-10.20216163911454,0.0006369779989086055,6.243559173444833e-05,1.9386577354037202,0.18488825163488637,0.002100757821139499,0.1,0.0028022457523229323,10.176760834917284,0.026037782196164774,-6.445399910024983,3.7583938150406793,2.4405324918765885,63.46818682968101
1480.0,-10.203464097981723,10.203464097981723,-10.202798617113448,10.202798617113448,-10.20216163911454,0.0006369779989086055,6.243559173444833e-05,2.3548631233030424,0.246267954459806,0.002095432704036466,0.1,0.006420816851398101,10.176804854867946,0.02599376224550182,-4.658083768489161,5.545380329492562,2.4400729548632847,63.46818682968101
1485.0,-10.203260685495735,10.203260685495735,-10.202798617113448,10.202798617113448,-10.20216163911454,0.0006369779989086055,6.243559173444833e-05,1.1220597869336448,0.277193450756664,0.002090138977117875,0.1,0.0061806654994619225,10.176848652308063,0.025949964805384102,-8.94424252004216,1.2590181654535755,2.4400494580890846,63.46818682968101
1490.0,-10.203353475240156,10.203353475240156,-10.202798617113448,10.202798617113448,-10.20216163911454,0.0006369779989086055,6.243559173444833e-05,1.7733982146751432,0.17280581462313266,0.002084876350587389,0.1,0.0061190810991521355,10.176892229105906,0.02590638800754199,-7.058412247427172,3.1449412278129847,2.4397317489006523,63.46818682968101
1495.0,-10.203342237548267,10.203342237548267,-10.202798617113448,10.202798617113448,-10.202162404369716,0.0006362127437320453,6.236057793586459e-05,2.1826803779474284,0.17255040200505117,0.0020796445382847656,0.1,0.0033686119163422908,10.176935587107854,0.025863030005593587,-5.439248605271537,4.7640936322767296,2.4401214838686323,63.46818682968101
1500.0,-10.202997514712322,10.202997514712322,-10.202798617113448,10.202798617113448,-10.202163408468817,0.000635208644631291,6.226215158482997e-05,1.793901370375577,0.24108271215586866,0.002074443257628261,0.1,0.0055379229911137525,10.176978728138732,0.025819888974716113,-6.9849153880769475,3.218082126635375,2.4401445494403657,63.46818682968101
1505.0,-10.203404168856448,10.203404168856448,-10.202798617113448,10.202798617113448,-10.202163430277052,0.0006351868363960733,6.226001384285059e-05,1.5527716323227814,0.16188249795063783,0.002069272229558134,0.1,0.0033491340507793973,10.177021654002125,0.02577696311132335,-7.792304426710091,2.411099742146357,2.440021929233164,63.46818682968101
1510.0,-10.203327990072644,10.203327990072644,-10.202798617113448,10.202798617113448,-10.202165326700086,0.0006332904133614647,6.207411790358665e-05,2.064781552533041,0.17436192538678594,0.0020641311784812275,0.1,0.004292951972636547,10.1770643664807,0.025734250632748937,-5.940005130391887,4.263322859680757,2.4395971473153506,63.46818682968101
1515.0,-10.203159643259077,10.203159643259077,-10.202798617113448,10.202798617113448,-10.202165326700086,0.0006332904133614647,6.207411790358665e-05,1.6563654470623232,0.1914285548789623,0.002059019832216603,0.1,0.0025774574565818444,10.177106867336512,0.025691749776935398,-7.459613149037111,2.7435464942219667,2.4397810578091734,63.46818682968101
1520.0,-10.203053029175134,10.203053029175134,-10.202798617113448,10.202798617113448,-10.202165326700086,0.0006332904133614647,6.207411790358665e-05,1.140155941911505,0.1387765983174844,0.0020539379219422006,0.1,0.004479249609941832,10.17714915831132,0.025649458802128853,-8.903097457299026,1.299955571876108,2.4397947842196173,63.46818682968101
1525.0,-10.20284497505315,10.20284497505315,-10.202798617113448,10.202798617113448,-10.202165556598484,0.0006330605149642565,6.205158223048147e-05,1.776389156591851,0.21496321610342095,0.00204888518214251,0.1,0.004778765378479912,10.177191241126868,0.025607375986579195,-7.04728653939604,3.1555584356571096,2.4402264705367336,63.46818682968101
1530.0,-10.203250129186353,10.203250129186353,-10.202798617113448,10.202798617113448,-10.202165851048301,0.0006327660651468392,6.202271893882423e-05,2.580877205669029,0.258346885721896,0.0020438613505572197,0.1,0.0037503436884454484,10.177233117485203,0.025565499628245683,-3.5423229784443766,6.660927150741976,2.4399777010852426,63.46818682968101
1535.0,-10.203341438567476,10.203341438567476,-10.202798617113448,10.202798617113448,-10.202166200471591,0.0006324166418565369,6.198846690297043e-05,2.7987243257375587,0.3589058506682783,0.0020388661681308316,0.1,0.003420208344954899,10.17727478906894,0.025523828044507795,-2.370483587092326,7.83285785147515,2.440343276747957,63.46818682968101
1540.0,-10.203333211746113,10.203333211746113,-10.202798617113448,10.202798617113448,-10.202168931097878,0.0006296860155696749,6.172079876567119e-05,1.1220921048220391,0.17623899358092546,0.002033899378963217,0.1,0.0021912039464756206,10.177316257541566,0.025482359571881278,-8.94424252004216,1.2590906917039533,2.4400672901519895,63.46818682968101
1545.0,-10.203690249276434,10.203690249276434,-10.202798617113448,10.202798617113448,-10.202169513956473,0.0006291031569745087,6.1663664391569e-05,2.5809624698612064,0.20136465066941503,0.0020289607302610914,0.1,0.004625256517772078,10.177357524547709,0.025441092565739218,-3.5423229784443766,6.6613672708320575,2.4400134566797758,63.46818682968101
1550.0,-10.203312808127508,10.203312808127508,-10.202798617113448,10.202798617113448,-10.202169513956473,0.0006291031569745087,6.1663664391569e-05,1.9657025538051203,0.22960861689767117,0.0020240499722903892,0.1,0.0026121673893265258,10.177398591713409,0.0254000254000381,-6.339326278091535,3.863986530035973,2.440182101307503,63.46818682968101
1555.0,-10.203150336396401,10.203150336396401,-10.202798617113448,10.202798617113448,-10.202169877589474,0.000628739523973465,6.16280194818733e-05,1.1401986138815359,0.2435447326340654,0.002019166858329523,0.1,0.0038919094400732324,10.177439460646399,0.02535915646704869,-8.903097457299026,1.3000528790973753,2.439811906978809,63.46818682968101
1560.0,-10.203178365365153,10.203178365365153,-10.202798617113448,10.202798617113448,-10.202169877589474,0.000628739523973465,6.16280194818733e-05,1.982751734281147,0.25655049027897436,0.0020143111446234998,0.1,0.008063888233092713,10.177480132936356,0.025318484177091666,-6.271873925570258,3.9313044397948946,2.4402952615765217,63.46818682968101
1565.0,-10.203251039035436,10.203251039035436,-10.202798617113448,10.202798617113448,-10.202169877589474,0.000628739523973465,6.16280194818733e-05,2.2779303761101932,0.27384076469717084,0.0020094825903388836,0.1,0.005129417899410989,10.17752061015517,0.025278006958277935,-5.014284240629909,5.188966798405527,2.440246933522514,63.46818682968101
1570.0,-10.20362272002639,10.20362272002639,-10.202798617113448,10.202798617113448,-10.202169877589474,0.000628739523973465,6.16280194818733e-05,1.140405744780062,0.22045916660636458,0.0020046809575195827,0.1,0.004390973718069961,10.177560893857194,0.025237723256253435,-8.903097457299026,1.3005252627273638,2.4397974045520905,63.46818682968101
1575.0,-10.203091480754043,10.203091480754043,-10.202798617113448,10.202798617113448,-10.202171430626775,0.000627186486672926,6.147578394831917e-05,1.7649225551950085,0.26700776927015124,0.001999906011043443,0.1,0.004900894384557984,10.177600985579499,0.02519763153394848,-7.088139854917966,3.1149516258360777,2.4400853056646916,63.46818682968101
1580.0,-10.203322107378309,10.203322107378309,-10.202798617113448,10.202798617113448,-10.202173879774751,0.0006247373386969457,6.123570780688742e-05,1.6297093435616337,0.19923789908763415,0.0019951575185796332,0.1,0.003977745161685947,10.177640886842116,0.02515773027133138,-7.547369562886217,2.6559525444920915,2.440023215828455,63.46818682968101
1585.0,-10.202890531548913,10.202890531548913,-10.202798617113448,10.202798617113448,-10.202173879774751,0.0006247373386969457,6.123570780688742e-05,1.1400846785436112,0.29531452223982857,0.0019904352505468017,0.1,0.007854024729693248,10.177680599148282,0.025118017965166415,-8.903097457299026,1.2997930742498873,2.4403393615744746,63.46818682968101
1590.0,-10.203401128441866,10.203401128441866,-10.202798617113448,10.202798617113448,-10.202173879774751,0.0006247373386969457,6.123570780688742e-05,2.264375352148477,0.26800080361899786,0.001985738980071991,0.1,0.0026134657394846104,10.177720123984672,0.02507849312877596,-5.076005393024326,5.12739573541754,2.440050319677852,63.46818682968101
1595.0,-10.20329502838387,10.20329502838387,-10.202798617113448,10.202798617113448,-10.202173879774751,0.0006247373386969457,6.123570780688742e-05,1.7228153103994295,0.23823820043326052,0.001981068482950295,0.1,0.004750471340006852,10.17775946282164,0.02503915429180672,-7.235202434637187,2.9680925937466833,2.440382403903129,63.46818682968101
1600.0,-10.203549579970048,10.203549579970048,-10.202798617113448,10.202798617113448,-10.202173879774751,0.0006247373386969457,6.123570780688742e-05,1.394095985505078,0.2499021109257659,0.001976423537605237,0.1,0.004402315371795156,10.177798617113448,0.025,-8.260045963168674,1.9435036168013742,2.439921199724028,63.46818682968101
1605.0,-10.203512423308393,10.203512423308393,-10.202798617113448,10.202798617113448,-10.202173879774751,0.0006247373386969457,6.123570780688742e-05,1.6866881256682515,0.27559078554201716,0.001971803925049861,0.1,0.0029046428652565967,10.177837588298482,0.024961028814965893,-7.358595590038115,2.844916833270278,2.4400400161938705,63.46818682968101
1610.0,-10.203563067004797,10.203563067004797,-10.202798617113448,10.202798617113448,-10.202174775989006,0.0006238411244421371,6.114785701479629e-05,2.648314497679467,0.20063685135254708,0.0019672094288485198,0.1,0.004900585708151495,10.177876377799487,0.024922239313961342,-3.189993388385549,7.013569678619248,2.4403093362298325,63.46818682968101
1615.0,-10.2033031593303,10.2033031593303,-10.202798617113448,10.202798617113448,-10.20217538123824,0.0006232358752082945,6.108852787949742e-05,1.9141685095190255,0.23465175105001973,0.001962639835079336,0.1,0.0028603353937124527,10.177914987023776,0.024883630089671975,-6.539262076496011,3.664041082834289,2.440126337967857,63.46818682968101
1620.0,-10.203161673276455,10.203161673276455,-10.202798617113448,10.202798617113448,-10.20217538123824,0.0006232358752082945,6.108852787949742e-05,1.9869013601774226,0.33273480759380974,0.001958094932297341,0.1,0.004085393721565896,10.177953417363451,0.024845199749997663,-6.25538465820156,3.9477770150748945,2.440536085142656,63.46818682968101
1625.0,-10.203667173600858,10.203667173600858,-10.202798617113448,10.202798617113448,-10.202177289928986,0.0006213271844615065,6.090142984231862e-05,1.7229233119798666,0.22536300875683404,0.001953574511498255,0.1,0.0038127483024847273,10.177991670195606,0.02480694691784169,-7.235202434637187,2.9684647389636707,2.440015974204779,63.46818682968101
1630.0,-10.203445487895005,10.203445487895005,-10.202798617113448,10.202798617113448,-10.202177289928986,0.0006213271844615065,6.090142984231862e-05,2.2148726756145365,0.2931617775960482,0.0019490783660829133,0.1,0.007163454184895357,10.178029746882544,0.024768870230903496,-5.297784518711107,4.905660969183898,2.440423106823209,63.46818682968101
1635.0,-10.203520741278236,10.203520741278236,-10.202798617113448,10.202798617113448,-10.202177289928986,0.0006213271844615065,6.090142984231862e-05,1.122175664161399,0.23257251428546152,0.0019446062918223159,0.1,0.00557410119535416,10.178067648771973,0.024730968341474896,-8.94424252004216,1.2592782212360767,2.4401142522378927,63.46818682968101
1640.0,-10.203735206374777,10.203735206374777,-10.202798617113448,10.202798617113448,-10.202177448481743,0.0006211686317048049,6.0885887825568574e-05,1.4218417141424688,0.19662541258116056,0.0019401580868232914,0.1,0.0033521721243755043,10.178105377197209,0.02469323991623974,-8.182101346299184,2.0216338600755925,2.440373924631899,63.46818682968101
1645.0,-10.203500108340341,10.203500108340341,-10.202798617113448,10.202798617113448,-10.202179746862685,0.0006188702507632371,6.0660590787331354e-05,2.5077428624252938,0.16911549188736774,0.0019357335514947574,0.1,0.004547780536853525,10.178142933477371,0.024655683636076897,-3.9147258442953348,6.288774264045006,2.440622128260503,63.46818682968101
1650.0,-10.203158064732257,10.203158064732257,-10.202798617113448,10.202798617113448,-10.202179903225051,0.000618713888396627,6.064526348932966e-05,1.6865830767246974,0.1721986947721,0.0019313324885145752,0.1,0.0061423050473415515,10.178180318917581,0.024618298195866545,-7.358595590038115,2.8445624746941425,2.4401694926363606,63.46818682968101
1655.0,-10.203176829318274,10.203176829318274,-10.202798617113448,10.202798617113448,-10.20218001208794,0.0006186050255081454,6.0634592290588695e-05,2.12374802154627,0.1623595191987102,0.0019269547027969736,0.1,0.005277861388191826,10.178217534809148,0.02458108230429969,-5.692871170296579,4.510305659021695,2.4408482664940663,63.46818682968101
1660.0,-10.203307056508523,10.203307056508523,-10.202798617113448,10.202798617113448,-10.20218001208794,0.0006186050255081454,6.0634592290588695e-05,1.6564099454758816,0.14651027258964192,0.0019226000014605441,0.1,0.0011299888196157728,10.178254582429757,0.0245440346836908,-7.459613149037111,2.743693907471412,2.44023955510905,63.46818682968101
1665.0,-10.203125126178046,10.203125126178046,-10.20275062475866,10.20275062475866,-10.20218001208794,0.0005706126707210046,5.593046486583461e-05,2.593089864068038,0.248621293679746,0.0019182681937967825,0.1,0.0029902512390455496,10.178243470688868,0.02450715406979359,-3.479010083045651,6.724115043132395,2.4408032465162606,63.46818682968101
1670.0,-10.203237527622314,10.203237527622314,-10.20275062475866,10.20275062475866,-10.20218001208794,0.0005706126707210046,5.593046486583461e-05,2.3614690182423934,0.293621868404801,0.0019139590912391775,0.1,0.0050791374885024885,10.178280185547042,0.024470439211619822,-4.6267016035036175,5.576535924118696,2.440362360910501,63.46818682968101
1675.0,-10.203158014697475,10.203158014697475,-10.20275062475866,10.20275062475866,-10.202180271892315,0.0005703528663456581,5.590499786766346e-05,1.6287049496749062,0.15326282826057194,0.0019096725073328262,0.1,0.003933592497774601,10.1783167358874,0.024433888871261047,-7.550478201601937,2.6526798130955385,2.4407332999836546,63.46818682968101
1680.0,-10.203382699378446,10.203382699378446,-10.20275062475866,10.20275062475866,-10.202182063853543,0.0005685609051173657,5.572934315020548e-05,1.1221141561072507,0.22355672063243612,0.0019054082577045712,0.1,0.0040077580044800155,10.178353122934947,0.024397501823713332,-8.94424252004216,1.2591401793362866,2.4405801142310755,63.46818682968101
1685.0,-10.20319199723325,10.20319199723325,-10.20275062475866,10.20275062475866,-10.202182063853543,0.0005685609051173657,5.572934315020548e-05,1.592440953057223,0.2100888031079788,0.0019011661600336492,0.1,0.0028160881987011207,10.178389347901955,0.024361276856704795,-7.667323808259452,2.5358681889737973,2.4404429463598825,63.46818682968101
1690.0,-10.203220365059197,10.203220365059197,-10.20271163085525,10.20271163085525,-10.202182873094895,0.000528757760354992,5.18279045702491e-05,2.525616273309035,0.3016882721380711,0.0018969460340228367,0.1,0.0019190947962522255,10.178386418084724,0.024325212770525996,-3.824482805055781,6.378737560003416,2.4409216442614996,63.46818682968101
1695.0,-10.20311781189183,10.20311781189183,-10.20271163085525,10.20271163085525,-10.202182873094895,0.000528757760354992,5.18279045702491e-05,1.6865711434308719,0.18686040075020238,0.0018927477013700852,0.1,0.0029596375014210546,10.178422322477386,0.024289308377863014,-7.358595590038115,2.8445222218537163,2.4403302141531733,63.46818682968101
1700.0,-10.202916959456912,10.202916959456912,-10.20271163085525,10.20271163085525,-10.202183817091978,0.0005278137632718227,5.173537085144094e-05,2.146734640886777,0.19829119137014606,0.0018885709857406386,0.1,0.0023778841227440266,10.178458068351617,0.024253562503633298,-5.594447341073632,4.60846961838328,2.440844859450932,63.46818682968101
1705.0,-10.20288435498854,10.20288435498854,-10.20271163085525,10.20271163085525,-10.202184485200817,0.0005271456544324593,5.16698806218542e-05,1.1218920781190942,0.27327469368791,0.001884415712739618,0.1,0.002799220577260549,10.178493656870426,0.02421797398482414,-8.94424252004216,1.2586418349463813,2.440617919795895,63.46818682968101
1710.0,-10.202871100160195,10.202871100160195,-10.20271163085525,10.20271163085525,-10.202184485200817,0.0005271456544324593,5.16698806218542e-05,2.192411283221809,0.3303111376034538,0.0018802817098850697,0.1,0.00758255894279541,10.178529089184917,0.024182541670333724,-5.3962038653618976,4.806667234798297,2.4405130718873678,63.46818682968101
1715.0,-10.203382536976815,10.203382536976815,-10.20271163085525,10.20271163085525,-10.202184485200817,0.0005271456544324593,5.16698806218542e-05,1.1403004339549248,0.207873979048516,0.0018761688065814662,0.1,0.0023915085874855833,10.178564366434435,0.02414726442081476,-8.903097457299026,1.3002850796777885,2.440063183295627,63.46818682968101
1720.0,-10.20369966482529,10.20369966482529,-10.20271163085525,10.20271163085525,-10.202184485200817,0.0005271456544324593,5.16698806218542e-05,2.3806094702079967,0.20398747486829383,0.001872076834093646,0.1,0.005561852238144103,10.178599489746729,0.024112141108520606,-4.536398215181293,5.667301449643997,2.4409210516128934,63.46818682968101
1725.0,-10.203631905686812,10.203631905686812,-10.20271163085525,10.20271163085525,-10.202185224549758,0.0005264063054912782,5.159740721277774e-05,2.0679069969173565,0.2530775799141212,0.0018680056255211913,0.1,0.001937055732830616,10.178634460238095,0.02407717061715384,-5.9273925577870505,4.276239347899762,2.440749017313314,63.46818682968101
1730.0,-10.203383746053236,10.203383746053236,-10.20271163085525,10.20271163085525,-10.202186284666569,0.0005253461886809419,5.1493491103030905e-05,1.8220637332631262,0.2117075005171357,0.0018639550157732328,0.1,0.007183234493344739,10.178669279013532,0.024042351841717248,-6.883467497980477,3.319916248072759,2.440701907227617,63.46818682968101
1735.0,-10.203339795474427,10.203339795474427,-10.20271163085525,10.20271163085525,-10.202186681793373,0.0005249490618766117,5.1454563443092624e-05,1.77339435773526,0.19221042286299841,0.0018599248415436672,0.1,0.002330748589073958,10.178703947166882,0.02400768368836718,-7.058412247427172,3.1449275480472556,2.440442953645854,63.46818682968101
1740.0,-10.202860495067089,10.202860495067089,-10.20271163085525,10.20271163085525,-10.202186681793373,0.0005249490618766117,5.1454563443092624e-05,2.1281402964438274,0.2356226441072649,0.001855914941286791,0.1,0.00291562065020623,10.178738465780981,0.023973165074269207,-5.673879373719071,4.528981121348018,2.440885478447626,63.46818682968101
1745.0,-10.203137394190502,10.203137394190502,-10.20271163085525,10.20271163085525,-10.20218825604974,0.000523374805510457,5.1300249747901274e-05,1.1220048458666936,0.17035393130299434,0.0018519251551933284,0.1,0.0013004624069385805,10.178772835927793,0.023938794927456073,-8.94424252004216,1.2588948741483428,2.4404005705328866,63.46818682968101
1750.0,-10.202958735281964,10.202958735281964,-10.20271163085525,10.20271163085525,-10.20218825604974,0.000523374805510457,5.1300249747901274e-05,2.2147627901359686,0.2530680959903131,0.0018479553251668595,0.1,0.006616911495995749,10.178807058668562,0.023904572186687872,-5.297784518711107,4.905174216570857,2.4406057291143397,63.46818682968101
1755.0,-10.20333199738111,10.20333199738111,-10.20271163085525,10.20271163085525,-10.20218999760576,0.0005216332494892839,5.1129536855488895e-05,1.755453405811313,0.21855200066569425,0.0018440052948006324,0.1,0.002757651326669302,10.178841135053935,0.02387049580131443,-7.1217153374065685,3.081616659974541,2.440142397260425,63.46818682968101
1760.0,-10.203286981694395,10.203286981694395,-10.20271163085525,10.20271163085525,-10.20218999760576,0.0005216332494892839,5.1129536855488895e-05,3.093448342108396,0.24666231643314643,0.0018400749093547533,0.1,0.00439629875907962,10.17887506612411,0.02383656473113981,-0.63386433640121,9.569422645293185,2.4406838625516896,63.46818682968101
1765.0,-10.203316617534028,10.203316617534028,-10.20271163085525,10.20271163085525,-10.20218999760576,0.0005216332494892839,5.1129536855488895e-05,1.1145354020326066,0.13972529001782588,0.0018361640157337497,0.1,0.001694096963571037,10.178908852908961,0.023802777946288958,-8.961127455150047,1.2421891623839816,2.4403379879022995,63.46818682968101
1770.0,-10.203271355318327,10.203271355318327,-10.20271163085525,10.20271163085525,-10.20218999760576,0.0005216332494892839,5.1129536855488895e-05,2.502062656049782,0.2110051359891035,0.0018322724624644964,0.1,0.0021954205062014076,10.178942496428173,0.023769134427076417,-3.9429538205194357,6.260317534798891,2.440453425799021,63.46818682968101
1775.0,-10.203392431853661,10.203392431853661,-10.20271163085525,10.20271163085525,-10.20218999760576,0.0005216332494892839,5.1129536855488895e-05,2.732841050066654,0.186645738132125,0.0018284000996745017,0.1,0.0032939758350980296,10.178975997691373,0.023735633163877067,-2.734972226924251,7.46842020492941,2.440464544061503,63.46818682968101
1780.0,-10.203189214689708,10.203189214689708,-10.20271163085525,10.20271163085525,-10.20218999760576,0.0005216332494892839,5.1129536855488895e-05,1.1402156626667979,0.189570446609358,0.0018245467790705436,0.1,0.004405931897473522,10.17900935769825,0.02370227315699886,-8.903097457299026,1.3000917573906818,2.440310700939465,63.46818682968101
1785.0,-10.20317283196707,10.20317283196707,-10.20271163085525,10.20271163085525,-10.20218999760576,0.0005216332494892839,5.1129536855488895e-05,1.8220058545423483,0.2893125766961099,0.0018207123539176473,0.1,0.0025242542569282158,10.179042577438691,0.023669053416557544,-6.883467497980477,3.319705333986593,2.4403653844926025,63.46818682968101
1790.0,-10.203175613131137,10.203175613131137,-10.20271163085525,10.20271163085525,-10.202191167566745,0.0005204632885043026,5.101485356977826e-05,1.1402096981836778,0.19221135196777467,0.0018168966790184054,0.1,0.004001289342378604,10.179075657892897,0.02363597296235327,-8.903097457299026,1.3000781558321108,2.4404215587845135,63.46818682968101
1795.0,-10.203263121030002,10.203263121030002,-10.20271163085525,10.20271163085525,-10.202191167566745,0.0005204632885043026,5.101485356977826e-05,2.3614744371951994,0.2803087707081699,0.0018130996106926261,0.1,0.0017385484386508961,10.179108600031501,0.02360303082374915,-4.6267016035036175,5.576561517526384,2.4404955226806306,63.46818682968101
1800.0,-10.202955794989442,10.202955794989442,-10.20271163085525,10.20271163085525,-10.202192311386892,0.0005193194683581481,5.090273271741057e-05,1.5526272470491271,0.2918331532457818,0.0018093210067573072,0.1,0.0034807337000223133,10.179141404815699,0.023570226039551584,-7.792304426710091,2.4106513682793516,2.4405426094138414,63.46818682968101
1805.0,-10.203045017198972,10.203045017198972,-10.20271163085525,10.20271163085525,-10.20219355356252,0.0005180772927300126,5.078097077947559e-05,1.7733112444722732,0.15298230446349037,0.0018055607265069285,0.1,0.0018846737120324876,10.179174073197357,0.023537557657892522,-7.058412247427172,3.1446327697718006,2.4403209183958565,63.46818682968101
1810.0,-10.203218447293052,10.203218447293052,-10.20271163085525,10.20271163085525,-10.20219355356252,0.0005180772927300126,5.078097077947559e-05,2.5413440625258543,0.2901704121802227,0.0018018186306940603,0.1,0.004200498343786883,10.179206606119136,0.02350502473611342,-3.744788803157638,6.458429644135414,2.440718541873236,63.46818682968101
1815.0,-10.203327311369959,10.203327311369959,-10.20271163085525,10.20271163085525,-10.20219355356252,0.0005180772927300126,5.078097077947559e-05,1.7344590157624917,0.1541357452727869,0.0017980945815102758,0.1,0.001685507166723749,10.1792390045146,0.02347262634065101,-7.194979234010168,3.0083480773597913,2.440384919219111,63.46818682968101
1820.0,-10.203094101943229,10.203094101943229,-10.20271163085525,10.20271163085525,-10.20219360538155,0.0005180254736991685,5.077589131673756e-05,1.317017705843437,0.16787307827923537,0.0017943884425673658,0.1,0.0023959792068693,10.179271269308325,0.02344036154692477,-8.468558464438116,1.7345356375051129,2.4407451796345265,63.46818682968101
1825.0,-10.203313510824639,10.203313510824639,-10.20271163085525,10.20271163085525,-10.20219360538155,0.0005180254736991685,5.077589131673756e-05,2.3554403582837833,0.21096689795685378,0.0017907000788788523,0.1,0.002575299512930944,10.179303401416023,0.023408229439226113,-4.655214229392601,5.548099281432038,2.440295819416965,63.46818682968101
1830.0,-10.202930949284164,10.202930949284164,-10.20271163085525,10.20271163085525,-10.20219360538155,0.0005180254736991685,5.077589131673756e-05,1.7227096431630537,0.25549081988334355,0.001787029356841788,0.1,0.004815762645653047,10.179335401744641,0.02337622911060922,-7.235202434637187,2.9677285146469776,2.440788327462692,63.46818682968101
1835.0,-10.203199217395138,10.203199217395138,-10.20271163085525,10.20271163085525,-10.202195204333318,0.0005164265219317343,5.0619157111636666e-05,1.76495307656526,0.15682172147017562,0.001783376144218845,0.1,0.002719654686196395,10.179367271192467,0.023344359662783535,-7.088139854917966,3.1150593624771723,2.440535681943203,63.46818682968101
1840.0,-10.203117157331445,10.203117157331445,-10.20271163085525,10.20271163085525,-10.202195204333318,0.0005164265219317343,5.0619157111636666e-05,1.3170264586914437,0.2162143937834633,0.0017797403101206808,0.1,0.002781737077084514,10.179399010649242,0.023312620206007845,-8.468558464438116,1.7345586928933283,2.4406439615251,63.46818682968101
1845.0,-10.20306321132351,10.20306321132351,-10.20271163085525,10.20271163085525,-10.202195204333318,0.0005164265219317343,5.0619157111636666e-05,1.1219717872038266,0.18422344942853774,0.0017761217249885816,0.1,0.004069429608382231,10.179430620996264,0.02328100985898594,-8.94424252004216,1.2588206912813504,2.4405880948374246,63.46818682968101
1850.0,-10.20332847015108,10.20332847015108,-10.20271163085525,10.20271163085525,-10.202195336278745,0.0005162945765047056,5.060622341436409e-05,2.0833379837762727,0.1577832379030807,0.0017725202605773727,0.1,0.003919444610449883,10.179462103106486,0.023249527748763855,-5.863031315506095,4.3402971546449844,2.4407227220253898,63.46818682968101
1855.0,-10.203347153658775,10.203347153658775,-10.20271163085525,10.20271163085525,-10.2021968201625,0.000514810692749279,5.0460768579945816e-05,2.593132675088786,0.30249325774067726,0.001768935789938597,0.1,0.005351565569354227,10.179493457844622,0.023218173010628604,-3.479010083045651,6.7243370706131245,2.4408339420128016,63.46818682968101
1860.0,-10.203703360859581,10.203703360859581,-10.20271163085525,10.20271163085525,-10.2021968201625,0.000514810692749279,5.0460768579945816e-05,2.3950813349313576,0.33328970832614563,0.0017653681874039491,0.1,0.0048225642929446595,10.179524686067241,0.023186944788008416,-4.4672887599230044,5.736414600936577,2.440497569771162,63.46818682968101
1865.0,-10.203451772641024,10.203451772641024,-10.20271163085525,10.20271163085525,-10.202197262832383,0.0005143680228663072,5.041737672924645e-05,1.9869743617972184,0.29733994495188276,0.0017618173285689712,0.1,0.0022332776089093085,10.179555788622876,0.02315584223237446,-6.25538465820156,3.948067114439464,2.440718380957608,63.46818682968101
1870.0,-10.203229432896523,10.203229432896523,-10.20271163085525,10.20271163085525,-10.202197262832383,0.0005143680228663072,5.041737672924645e-05,1.4216638444433125,0.2825906665441629,0.001758283090276993,0.1,0.005553453233743308,10.179586766352106,0.023124864503144014,-8.182101346299184,2.0211280865973382,2.440724903437375,63.46818682968101
1875.0,-10.203277787255944,10.203277787255944,-10.20271163085525,10.20271163085525,-10.202197262832383,0.0005143680228663072,5.041737672924645e-05,2.2193392668801635,0.26938812458641487,0.0017547653506033234,0.1,0.00610064792201928,10.179617620087665,0.023094010767585032,-5.277811005739765,4.925466781516179,2.4408684389406354,63.46818682968101
1880.0,-10.203149127528178,10.203149127528178,-10.20271163085525,10.20271163085525,-10.202197890055347,0.000513740799902962,5.0355894429741834e-05,2.4538923990874526,0.27878806845364124,0.0017512639888396797,0.1,0.0031049150594999967,10.179648350654528,0.023063280200722125,-4.181561221229006,6.021587906299172,2.4408307382420684,63.46818682968101
1885.0,-10.20348292089794,10.20348292089794,-10.20271163085525,10.20271163085525,-10.202198069060001,0.0005135617952483074,5.033834785131018e-05,1.5527969906552013,0.18998374835339088,0.0017477788854788586,0.1,0.0021604937268784948,10.179678958870007,0.023032671985243936,-7.792304426710091,2.4111784941878494,2.440903520582844,63.46818682968101
1890.0,-10.20324908519911,10.20324908519911,-10.20271163085525,10.20271163085525,-10.20219813238342,0.0005134984718289104,5.0332140698089706e-05,2.3456529406430575,0.23970980999446412,0.0017443099221996364,0.1,0.003178352996753197,10.179709445543837,0.023002185311411807,-4.7011613672516885,5.502087717947421,2.4410452138431866,63.46818682968101
1895.0,-10.202859901091621,10.202859901091621,-10.20271163085525,10.20271163085525,-10.202198621969941,0.0005130088853082526,5.028414994818007e-05,1.4215338739518086,0.1879848823444548,0.001740856981851901,0.1,0.0027646287459396077,10.17973981147828,0.02297181937696983,-8.182101346299184,2.0207585547924367,2.4410135589187743,63.46818682968101
1900.0,-10.2030078496476,10.2030078496476,-10.20271163085525,10.20271163085525,-10.202199037884126,0.0005125929711233823,5.024338078682407e-05,2.463078974312695,0.24951866962590633,0.001737419948442009,0.1,0.004095541745164233,10.179770057468193,0.022941573387056175,-4.136249815946325,6.066758033701275,2.44075395782129,63.46818682968101
1905.0,-10.203179086113321,10.203179086113321,-10.20271163085525,10.20271163085525,-10.202199951504719,0.0005116793505308692,5.015382495570495e-05,1.4216461373401392,0.16480029247798889,0.0017339987071183613,0.1,0.0010468165794745461,10.179800184301135,0.02291144655411569,-8.182101346299184,2.021077739814137,2.4405262718468315,63.46818682968101
1910.0,-10.203270535132717,10.203270535132717,-10.20271163085525,10.20271163085525,-10.202200315526936,0.0005113153283140548,5.0118142410502726e-05,2.727649923609047,0.22737016222632686,0.0017305931441571984,0.1,0.003020707298628088,10.179830192757436,0.022881438097813775,-2.763196429368276,7.440074105764441,2.441086217344848,63.46818682968101
1915.0,-10.203314472420164,10.203314472420164,-10.20271163085525,10.20271163085525,-10.202200315526936,0.0005113153283140548,5.0118142410502726e-05,1.7720977598267453,0.23745042393370916,0.001727203146948609,0.1,0.0030678715224738686,10.179860083610299,0.022851547244951503,-7.062984002037196,3.1403304703829678,2.4404501783529158,63.46818682968101
1920.0,-10.203031281201124,10.203031281201124,-10.20271163085525,10.20271163085525,-10.202200315526936,0.0005113153283140548,5.0118142410502726e-05,1.3939100824775068,0.22195936049432852,0.0017238286039827464,0.1,0.004781602822364408,10.179889857625868,0.02282177322938192,-8.260045963168674,1.9429853180324503,2.4408813843464223,63.46818682968101
1925.0,-10.20327449208358,10.20327449208358,-10.20271163085525,10.20271163085525,-10.20220142862044,0.000510202234810464,5.0009033675730365e-05,1.1145165036613567,0.16305445966307766,0.0017204694048362525,0.1,0.0031487670089834175,10.179919515563322,0.02279211529192759,-8.961127455150047,1.2421470369335328,2.4406610360006997,63.46818682968101
1930.0,-10.203056104857197,10.203056104857197,-10.20271163085525,10.20271163085525,-10.20220194884818,0.0005096820070704666,4.995803941403153e-05,1.6515240105506788,0.18887962268333464,0.0017171254401588832,0.1,0.00562772269183229,10.17994905817495,0.02276257268029927,-7.4755245474317995,2.7275315574253973,2.441073586860704,63.46818682968101
1935.0,-10.203047091826331,10.203047091826331,-10.20271163085525,10.20271163085525,-10.20220194884818,0.0005096820070704666,4.995803941403153e-05,1.1401533381643492,0.17222465751812954,0.0017137966016603323,0.1,0.0026768410180025726,10.179978486206235,0.022733144649015782,-8.903097457299026,1.2999496345273052,2.440844096223044,63.46818682968101
1940.0,-10.203325967577051,10.203325967577051,-10.20271163085525,10.20271163085525,-10.202202875130807,0.0005087557244429775,4.986724246418737e-05,2.8116370616234176,0.2535236114368431,0.0017104827820972528,0.1,0.0024521426026327133,10.180007800395925,0.022703830459324992,-2.298023001282684,7.905302966294367,2.4411419671044183,63.46818682968101
1945.0,-10.202730439529372,10.202730439529372,-10.20269087279414,10.20269087279414,-10.202203909507748,0.0004869632863915285,4.773118540962629e-05,1.1218234796469597,0.22899132051972299,0.0017071838752604669,0.1,0.004530907874363451,10.180016243415015,0.02267462937912591,-8.94424252004216,1.2584879194872123,2.441001620359485,63.46818682968101
1950.0,-10.203312286354324,10.203312286354324,-10.20269087279414,10.20269087279414,-10.202203909507748,0.0004869632863915285,4.773118540962629e-05,1.7733866016543465,0.18981319407733976,0.001703899775962367,0.1,0.0038745575444932485,10.180045332111249,0.022645540682891915,-7.058412247427172,3.144900038927152,2.4408191476847856,63.46818682968101
1955.0,-10.203616951262436,10.203616951262436,-10.20269087279414,10.20269087279414,-10.202203909507748,0.0004869632863915285,4.773118540962629e-05,1.1146701288329155,0.20974147277765884,0.0017006303800245015,0.1,0.005702967289083774,10.180074309142544,0.02261656365159503,-8.961127455150047,1.2424894961123893,2.440546798070771,63.46818682968101
1960.0,-10.203476914166277,10.203476914166277,-10.20269087279414,10.20269087279414,-10.202203909507748,0.0004869632863915285,4.773118540962629e-05,1.8640215873871246,0.23153869180589473,0.0016973755842653424,0.1,0.00483992284567418,10.18010317522151,0.022587697572631283,-6.7289004359210605,3.4745764782452166,2.4407064880880442,63.46818682968101
1965.0,-10.203115669502804,10.203115669502804,-10.20269087279414,10.20269087279414,-10.202203964960626,0.0004869078335136834,4.772574976798776e-05,1.5526787313519534,0.13952218252318538,0.001694135286488232,0.1,0.002284078065729164,10.180131931054392,0.022558941739747075,-7.792304426710091,2.410811242792713,2.4407784087938613,63.46818682968101
1970.0,-10.203099310972114,10.203099310972114,-10.20269087279414,10.20269087279414,-10.202204381826903,0.0004864909672370743,4.7684887405672484e-05,1.1219878746804512,0.16582688474035068,0.0016909093854695063,0.1,0.002623223408481814,10.180160577341173,0.022530295452966646,-8.94424252004216,1.2588567909299542,2.440644576551779,63.46818682968101
1975.0,-10.203048041138844,10.203048041138844,-10.20269087279414,10.20269087279414,-10.202204381826903,0.0004864909672370743,4.7684887405672484e-05,2.8115876368799464,0.20551695608820603,0.00168769778094679,0.1,0.008050988558111045,10.180189114775619,0.022501758018520477,-2.298023001282684,7.90502503985616,2.440882764152218,63.46818682968101
1980.0,-10.202962873905914,10.202962873905914,-10.20269087279414,10.20269087279414,-10.202205976590708,0.0004848962034316173,4.752856436580749e-05,1.1143766951780119,0.1613758918916818,0.0016845003736074618,0.1,0.0016617744852598512,10.180217544045364,0.022473328748774737,-8.961127455150047,1.2418354187558673,2.440635964603079,63.46818682968101
1985.0,-10.20314772821607,10.20314772821607,-10.20269087279414,10.20269087279414,-10.202205976590708,0.0004848962034316173,4.752856436580749e-05,2.8592931528495242,0.22581491815427765,0.0016813170650772896,0.1,0.0018618577704356818,10.180245865831978,0.02244500696216168,-2.027590394283896,8.175557333932174,2.4408570173561928,63.46818682968101
1990.0,-10.203055997235172,10.203055997235172,-10.20269087279414,10.20269087279414,-10.202205976590708,0.0004848962034316173,4.752856436580749e-05,1.5951897869793978,0.18007851480613318,0.0016781477579092242,0.1,0.005385623013832851,10.180274080811028,0.022416791983111015,-7.658425540751798,2.5446304564833735,2.4407546451302307,63.46818682968101
1995.0,-10.202851727428751,10.202851727428751,-10.20269087279414,10.20269087279414,-10.202205976590708,0.0004848962034316173,4.752856436580749e-05,2.083223562636199,0.2633658508235364,0.0016749923555723608,0.1,0.004079663920394013,10.180302189652158,0.022388683141982252,-5.863031315506095,4.3398204119226556,2.4407873409879066,63.46818682968101
2000.0,-10.203193444220002,10.203193444220002,-10.20269087279414,10.20269087279414,-10.202205976590708,0.0004848962034316173,4.752856436580749e-05,1.7939559794328994,0.1474961694130663,0.001671850762441055,0.1,0.0018892056893954582,10.180330193019142,0.022360679774997897,-6.9849153880769475,3.2182780561430544,2.440599367017314,63.46818682968101
2005.0,-10.203317375997988,10.203317375997988,-10.20269087279414,10.20269087279414,-10.202205976590708,0.0004848962034316173,4.752856436580749e-05,2.3148704246957523,0.17987180407551942,0.0016687228837841965,0.1,0.004066326622410164,10.180358091569962,0.02233278122417767,-4.844692292866897,5.358625083131091,2.4407750591061546,63.46818682968101
2010.0,-10.203199298254992,10.203199298254992,-10.20269087279414,10.20269087279414,-10.202206299572897,0.00048457322124306756,4.749690478846263e-05,1.9827570130211956,0.18871263661583637,0.0016656086257546365,0.1,0.004096863263671674,10.180385885956866,0.022304986837273527,-6.271873925570258,3.931325372684734,2.4403171105426833,63.46818682968101
2015.0,-10.20327772998644,10.20327772998644,-10.20269087279414,10.20269087279414,-10.202207079460237,0.0004837933339025824,4.74204581552346e-05,1.7236666511308285,0.21904605999599833,0.001662507895378765,0.1,0.003926881931477924,10.180413576826433,0.022277295967705647,-7.232251005765872,2.9710267242205672,2.4405605910479022,63.46818682968101
2020.0,-10.203229507652809,10.203229507652809,-10.20269087279414,10.20269087279414,-10.202207079460237,0.0004837933339025824,4.74204581552346e-05,1.6515765075287943,0.25469207074142775,0.0016594206005462366,0.1,0.003722134744329836,10.18044116481964,0.02224970797449924,-7.4755245474317995,2.7277049602210095,2.4406390630538377,63.46818682968101
2025.0,-10.20305782077229,10.20305782077229,-10.20269087279414,10.20269087279414,-10.202207110858023,0.0004837619361168777,4.74173804609415e-05,1.1401580431998302,0.2807032283401502,0.0016563466499998443,0.1,0.004238675883648376,10.180468650571918,0.022222222222222223,-8.903097457299026,1.2999603634732644,2.4407835507240425,63.46818682968101
2030.0,-10.203054849235183,10.203054849235183,-10.20269087279414,10.20269087279414,-10.202208271995234,0.00048260079890560803,4.7303562722820826e-05,1.1401567400739958,0.2352151383343677,0.0016532859533255333,0.1,0.007559579286277576,10.180496034713215,0.022194838080923766,-8.903097457299026,1.2999573919361573,2.4406177363132215,63.46818682968101
2035.0,-10.203368049895344,10.203368049895344,-10.20269087279414,10.20269087279414,-10.202208652606812,0.0004822201873277976,4.726625417571551e-05,1.8639923857071636,0.21881754490021219,0.0016502384209425595,0.1,0.0036233886731303574,10.180523317868065,0.022167554926073633,-6.7289004359210605,3.4744676139742836,2.4406375294085905,63.46818682968101
2040.0,-10.203231383270754,10.203231383270754,-10.20269087279414,10.20269087279414,-10.202208652606812,0.0004822201873277976,4.726625417571551e-05,2.19249344763191,0.21515376167553532,0.0016472039640937828,0.1,0.004364616439622075,10.180550500655638,0.02214037213850238,-5.3962038653618976,4.807027517908857,2.440701822974881,63.46818682968101
2045.0,-10.20295874905272,10.20295874905272,-10.20269087279414,10.20269087279414,-10.20220958423123,0.0004812885629092989,4.717493391364843e-05,2.179575466612618,0.24022626149150558,0.0016441824948361017,0.1,0.005025740354019861,10.180577583689796,0.022113289104342324,-5.452409534393108,4.750549214659611,2.4408202365666094,63.46818682968101
2050.0,-10.20307546715331,10.20307546715331,-10.20269087279414,10.20269087279414,-10.202209607817139,0.0004812649770009614,4.717262196144318e-05,2.4284719672368045,0.29027545362479634,0.001641173926031017,0.1,0.00517388347770134,10.18060456757917,0.022086305214969307,-4.305599371498311,5.897476095654999,2.440924197292963,63.46818682968101
2055.0,-10.203129546156184,10.203129546156184,-10.20269087279414,10.20269087279414,-10.202210138221904,0.0004807345722355194,4.712063030680766e-05,1.1144514753932253,0.1806497483890924,0.0016381781713353319,0.1,0.002211567055056339,10.180631452927194,0.02205941986694528,-8.961127455150047,1.2420020910061371,2.4405100821209866,63.46818682968101
2060.0,-10.20293324757963,10.20293324757963,-10.20269087279414,10.20269087279414,-10.202210544999499,0.0004803277946408002,4.7080756912650426e-05,1.1401034120993616,0.21725399113497004,0.0016351951451919788,0.1,0.004544927359103373,10.180658240332178,0.022032632461961587,-8.903097457299026,1.2998357902806035,2.4407474691224085,63.46818682968101
2065.0,-10.202806632462346,10.202806632462346,-10.20269087279414,10.20269087279414,-10.202210544999499,0.0004803277946408002,4.7080756912650426e-05,1.8219053582669633,0.26132569296723174,0.0016322247628209755,0.1,0.006055042514889872,10.180684930387356,0.022005942406783077,-6.883467497980477,3.3193391344818695,2.4408000912842165,63.46818682968101
2070.0,-10.203111032032941,10.203111032032941,-10.20269087279414,10.20269087279414,-10.202210544999499,0.0004803277946408002,4.7080756912650426e-05,1.7553904678522017,0.1987933913193062,0.001629266940210508,0.1,0.001494082407525447,10.180711523680946,0.0219793491131929,-7.1217153374065685,3.081395694626373,2.440682304068735,63.46818682968101
2075.0,-10.203355840828973,10.203355840828973,-10.20269087279414,10.20269087279414,-10.20221191007478,0.0004789627193595436,4.694694871869535e-05,2.1522456424029213,0.2647170105238029,0.0016263215941081327,0.1,0.002519519556623237,10.180738020796202,0.021952851997938068,-5.571194535586609,4.632161305242364,2.440765844396624,63.46818682968101
2080.0,-10.202999320205212,10.202999320205212,-10.20269087279414,10.20269087279414,-10.20221191007478,0.0004789627193595436,4.694694871869535e-05,1.7939018736063186,0.23763208587026527,0.0016233886420121062,0.1,0.006554366274525222,10.180764422311464,0.021926450482675733,-6.9849153880769475,3.2180839321282644,2.441013205579801,63.46818682968101
2085.0,-10.20334727015001,10.20334727015001,-10.20269087279414,10.20269087279414,-10.20221191007478,0.0004789627193595436,4.694694871869535e-05,1.7228304720757708,0.29395074433859175,0.0016204680021628289,0.1,0.0035496301364648097,10.18079072880022,0.02190014399392014,-7.235202434637187,2.968144835512823,2.4406510881809167,63.46818682968101
2090.0,-10.203600632582823,10.203600632582823,-10.20269087279414,10.20269087279414,-10.20221191007478,0.0004789627193595436,4.694694871869535e-05,2.4887395223409725,0.22872609465673255,0.0016175595935344113,0.1,0.00327403162646099,10.18081694083115,0.021873931962990357,-4.009776222520852,6.193824410061971,2.440949123154747,63.46818682968101
2095.0,-10.2033478182401,10.2033478182401,-10.20269087279414,10.20269087279414,-10.20221191007478,0.0004789627193595436,4.694694871869535e-05,1.7228306311425143,0.28136164212566867,0.0016146633358263523,0.1,0.003447587764260525,10.18084305896818,0.021847813825958583,-7.235202434637187,2.9681453836029137,2.440762334788536,63.46818682968101
2100.0,-10.203280627677906,10.203280627677906,-10.20269087279414,10.20269087279414,-10.20221191007478,0.0004789627193595436,4.694694871869535e-05,2.2148354586665797,0.27960839731071646,0.0016117791494553331,0.1,0.0028277760083308258,10.18086908377054,0.02182178902359924,-5.297784518711107,4.9054961089667986,2.4411399133405594,63.46818682968101
2105.0,-10.203289073950806,10.203289073950806,-10.20269087279414,10.20269087279414,-10.20221191007478,0.0004789627193595436,4.694694871869535e-05,2.1841589530115075,0.3375937446581545,0.001608906955547124,0.1,0.0036038407123997578,10.180895015792801,0.021795857001338646,-5.432738741930483,4.770550332020323,2.4407781769524344,63.46818682968101
2110.0,-10.20309928867397,10.20309928867397,-10.20269087279414,10.20269087279414,-10.202211945634401,0.00047892715973851807,4.694346307355969e-05,2.9847900973460093,0.42802476898806396,0.0016060466759285996,0.1,0.0036137516056652177,10.180920855584935,0.021770017209205406,-1.2941273634591717,8.908971925214798,2.441190663624051,63.46818682968101
2115.0,-10.203418608453362,10.203418608453362,-10.20269087279414,10.20269087279414,-10.202211945634401,0.00047892715973851807,4.694346307355969e-05,1.1145811559968686,0.22786196770915115,0.001603198233119864,0.1,0.004896501031739567,10.180946603692359,0.021744269101781406,-8.961127455150047,1.2422911533033147,2.440871248630478,63.46818682968101
2120.0,-10.203079251770289,10.203079251770289,-10.20269087279414,10.20269087279414,-10.202213198946763,0.000477673847376181,4.682061020107815e-05,1.1219789355099898,0.24296968501649965,0.0016003615503264819,0.1,0.006496985553935112,10.180972260655986,0.02171861213815347,-8.94424252004216,1.2588367317281293,2.440948925295603,63.46818682968101
2125.0,-10.202957228756382,10.202957228756382,-10.20269087279414,10.20269087279414,-10.202213668966193,0.0004772038279465818,4.677453770627974e-05,1.7732864916107633,0.35566838758025243,0.0015975365514318165,0.1,0.004488082867805154,10.180997827012273,0.021693045781865615,-7.058412247427172,3.1445449813292106,2.4407655352922917,63.46818682968101
2130.0,-10.203169682412748,10.203169682412748,-10.20269087279414,10.20269087279414,-10.202213668966193,0.0004772038279465818,4.677453770627974e-05,1.552696124714252,0.2680518881398277,0.0015947231609894682,0.1,0.010064639286504229,10.181023303293268,0.021667569500871973,-7.792304426710091,2.4108652557026566,2.440991629188058,63.46818682968101
2135.0,-10.20319696980897,10.20319696980897,-10.20269087279414,10.20269087279414,-10.202213668966193,0.0004772038279465818,4.677453770627974e-05,1.4216524271107143,0.26427919174024783,0.0015919213042158173,0.1,0.001942393389598667,10.18104869002665,0.02164218276749025,-8.182101346299184,2.021095623509785,2.4408830035707183,63.46818682968101
2140.0,-10.203317238455012,10.203317238455012,-10.20269087279414,10.20269087279414,-10.202214126487954,0.0004767463061856603,4.67296902686924e-05,1.7554492020700685,0.18945794885127729,0.0015891309069826665,0.1,0.007282234627743004,10.181073987735784,0.021616885058355847,-7.1217153374065685,3.081601901048444,2.441275399246713,63.46818682968101
2145.0,-10.203328808954977,10.203328808954977,-10.20269087279414,10.20269087279414,-10.202214250246968,0.0004766225471719565,4.671755909854753e-05,1.7733912601362969,0.14034906065755684,0.001586351895809981,0.1,0.004378899146185066,10.181099196939764,0.021591675854376522,-7.058412247427172,3.144916561527805,2.440897474672027,63.46818682968101
2150.0,-10.203049437089426,10.203049437089426,-10.20269087279414,10.20269087279414,-10.202215554064768,0.0004753187293715655,4.658975561266091e-05,2.1837568120481836,0.31236109697807257,0.0015835841978587277,0.1,0.00315918391588777,10.181124318153453,0.02156655464068768,-5.43425562292258,4.7687938141668464,2.4409794028506147,63.46818682968101
2155.0,-10.203293165004315,10.203293165004315,-10.20269087279414,10.20269087279414,-10.202215616537888,0.000475256256251555,4.658363184180896e-05,1.1402612453755017,0.2736401954167706,0.0015808277409238073,0.1,0.006849385809532449,10.181149351887532,0.02154152090660819,-8.903097457299026,1.3001957077052886,2.4409555060624797,63.46818682968101
2160.0,-10.203251135620938,10.203251135620938,-10.20269087279414,10.20269087279414,-10.202215616537888,0.000475256256251555,4.658363184180896e-05,1.9827700850201164,0.24861538864327534,0.0015780824534270823,0.1,0.0038834144043805217,10.181174298648543,0.02151657414559676,-6.271873925570258,3.9313772100506803,2.4412957073318915,63.46818682968101
2165.0,-10.202956444333745,10.202956444333745,-10.20269087279414,10.20269087279414,-10.202216775235572,0.0004740975585679763,4.647005342199556e-05,1.1401135851461122,0.20691323553013538,0.001575348264410499,0.1,0.0048778423333248255,10.18119915893893,0.021491713855208944,-8.903097457299026,1.2998589870347192,2.4412153167823925,63.46818682968101
2170.0,-10.203145588994017,10.203145588994017,-10.20269087279414,10.20269087279414,-10.202217178811484,0.0004736939826557318,4.643049391651112e-05,2.291728723416388,0.25286454269957576,0.001572625103529296,0.1,0.0035813055078187904,10.181223933257085,0.021466939537054593,-4.95112504726231,5.252020541731707,2.44109464379972,63.46818682968101
2175.0,-10.203171298869423,10.203171298869423,-10.20269087279414,10.20269087279414,-10.202217178811484,0.0004736939826557318,4.643049391651112e-05,1.677433260976609,0.15532340818890433,0.0015699129010453077,0.1,0.0021415158112503396,10.181248622097383,0.021442250696755896,-7.389388953838801,2.8137823450306216,2.44077327091599,63.46818682968101
2180.0,-10.202903174953752,10.202903174953752,-10.20269087279414,10.20269087279414,-10.202217178811484,0.0004736939826557318,4.643049391651112e-05,2.1789135928215853,0.25070576239132686,0.0015672115878203525,0.1,0.004417698303248882,10.181273225950234,0.021417646843905968,-5.455238729971085,4.747664444982667,2.441363543433679,63.46818682968101
2185.0,-10.202898288182348,10.202898288182348,-10.20269087279414,10.20269087279414,-10.202217630494811,0.0004732422993285468,4.6386218807370645e-05,1.764867823171012,0.25779494589920415,0.0015645210953097108,0.1,0.004652546331652491,10.181297745302112,0.021393127492027906,-7.088139854917966,3.1147584332643827,2.4411546397428876,63.46818682968101
2190.0,-10.203130617719154,10.203130617719154,-10.20269087279414,10.20269087279414,-10.202217630494811,0.0004732422993285468,4.6386218807370645e-05,2.2888180657963044,0.28100403031311555,0.0015618413555556852,0.1,0.0017991158854533487,10.181322180635606,0.02136869215853441,-4.964442479403618,5.238688138315536,2.4410211674136706,63.46818682968101
2195.0,-10.202993087746371,10.202993087746371,-10.20269087279414,10.20269087279414,-10.202217630494811,0.0004732422993285468,4.6386218807370645e-05,2.400547112592739,0.25468076817287605,0.0015591723011812485,0.1,0.0030833714904627786,10.181346532429451,0.021344340364687884,-4.440366647969036,5.7626264397773355,2.4415435264373224,63.46818682968101
2200.0,-10.203169967854286,10.203169967854286,-10.20269087279414,10.20269087279414,-10.202217834465731,0.00047303832840839277,4.636622507807537e-05,1.4216429303995801,0.18730064687302753,0.0015565138653837738,0.1,0.0027357862921396172,10.181370801158579,0.02132007163556104,-8.182101346299184,2.021068621555102,2.4411162360384906,63.46818682968101
2205.0,-10.203290019795189,10.203290019795189,-10.20269087279414,10.20269087279414,-10.202218247783238,0.0004726250109019503,4.632571068597199e-05,1.7228138567930094,0.13295687965305344,0.0015538659819288442,0.1,0.00288747433253911,10.181394987294142,0.021295885499998,-7.235202434637187,2.9680875851580018,2.440980526221493,63.46818682968101
2210.0,-10.203064009206612,10.203064009206612,-10.20269087279414,10.20269087279414,-10.202218247783238,0.0004726250109019503,4.632571068597199e-05,1.6865551930394982,0.27519816860307167,0.001551228585144146,0.1,0.003727621944507997,10.181419091303564,0.02127178149057585,-7.358595590038115,2.8444684191684972,2.441081635601018,63.46818682968101
2215.0,-10.203097570960912,10.203097570960912,-10.20269087279414,10.20269087279414,-10.202218247783238,0.0004726250109019503,4.632571068597199e-05,1.772036559702907,0.21632453460752518,0.0015486016099134396,0.1,0.002944919950434608,10.181443113650573,0.02124775914356676,-7.062984002037196,3.1401135689237156,2.441049168651924,63.46818682968101
2220.0,-10.202788039396422,10.202788039396422,-10.20269087279414,10.20269087279414,-10.202219130705966,0.0004717420881732437,4.623916445329286e-05,1.8527484543476989,0.24571240446536735,0.0015459849916706083,0.1,0.0038471052047112844,10.18146705479524,0.021223817998900444,-6.770111204308635,3.432676835087787,2.441336815398655,63.46818682968101
2225.0,-10.202976759035108,10.202976759035108,-10.20269087279414,10.20269087279414,-10.202219130705966,0.0004717420881732437,4.623916445329286e-05,1.9827008935956154,0.1273045423058301,0.0015433786663937858,0.1,0.003244018758821482,10.181490915194013,0.0211999576001272,-6.271873925570258,3.93110283346485,2.4411195734934106,63.46818682968101
2230.0,-10.202955836735121,10.202955836735121,-10.20269087279414,10.20269087279414,-10.202220155155977,0.00047071763816219914,4.613874539105185e-05,1.140113318682006,0.14176686594440852,0.0015407825705995568,0.1,0.0006568210144842138,10.181514695299759,0.021176177494381335,-8.903097457299026,1.2998583794360954,2.4410314672983993,63.46818682968101
2235.0,-10.202871737229753,10.202871737229753,-10.20269087279414,10.20269087279414,-10.202220347053572,0.00047052574056749563,4.6119935127982675e-05,1.8638592493288466,0.2549672813030336,0.0015381966413372348,0.1,0.0022398527279420765,10.181538395561795,0.021152477232345077,-6.7289004359210605,3.4739713013086924,2.4413711586401394,63.46818682968101
2240.0,-10.20285142669814,10.20285142669814,-10.202570710271374,10.202570710271374,-10.202220347053572,0.0003503632178016858,3.43418595054038e-05,2.146719377474501,0.3047757199000052,0.001535620816183211,0.1,0.004952059310762739,10.181441853903161,0.021128856368212913,-5.594447341073632,4.6084040856245085,2.44111123284179,63.46818682968101
2245.0,-10.20291752888034,10.20291752888034,-10.202570710271374,10.202570710271374,-10.202220347053572,0.0003503632178016858,3.43418595054038e-05,1.5951463845454887,0.21999902809578892,0.0015330550332353777,0.1,0.007671316246780206,10.181465395811717,0.02110531445965636,-7.658425540751798,2.5444919881285415,2.440849018362473,63.46818682968101
2250.0,-10.203032961871095,10.203032961871095,-10.202570710271374,10.202570710271374,-10.202220347053572,0.0003503632178016858,3.43418595054038e-05,1.121958306635739,0.22386518841039063,0.0015304992311076218,0.1,0.0037326335791193917,10.181488859203585,0.021081851067789197,-8.94424252004216,1.2587904418289355,2.4406999312451085,63.46818682968101
2255.0,-10.20297123759574,10.20297123759574,-10.202570710271374,10.202570710271374,-10.202220962916323,0.0003497473550506669,3.42814918753427e-05,1.5526322200977436,0.14913071434604022,0.0015279533489243884,0.1,0.002977429584752282,10.181512244514241,0.021058465757133063,-7.792304426710091,2.4106668108856493,2.4411401273190108,63.46818682968101
2260.0,-10.203017148442228,10.203017148442228,-10.202570710271374,10.202570710271374,-10.202220962916323,0.0003497473550506669,3.42814918753427e-05,1.7649014968332544,0.19142000408658746,0.0015254173263153138,0.1,0.001377574864982757,10.18153555217579,0.021035158095583564,-7.088139854917966,3.1148772935242626,2.440885479472181,63.46818682968101
2265.0,-10.203041566872333,10.203041566872333,-10.202570710271374,10.202570710271374,-10.202220962916323,0.0003497473550506669,3.42814918753427e-05,2.816248161600095,0.2069589074637455,0.001522891103409928,0.1,0.003075209966993504,10.181558782616998,0.021011927654376678,-2.2717878591564196,7.931253707715913,2.441344902573914,63.46818682968101
2270.0,-10.203139655518262,10.203139655518262,-10.202570710271374,10.202570710271374,-10.202221365580833,0.0003493446905409314,3.424202220503795e-05,1.1144560109614987,0.16664572985276882,0.0015203746208324216,0.1,0.0034502778095292968,10.181581936263319,0.020988774008055672,-8.961127455150047,1.2420122003682152,2.4408571123677656,63.46818682968101
2275.0,-10.202985802821686,10.202985802821686,-10.202570710271374,10.202570710271374,-10.202221413341938,0.0003492969294356385,3.423734060298339e-05,1.5526369105852134,0.18152893897031197,0.0015178678196964813,0.1,0.0011671481253652594,10.181605013536936,0.020965696734438367,-7.792304426710091,2.4106813761115955,2.441148489773658,63.46818682968101
2280.0,-10.203047752864421,10.203047752864421,-10.202570710271374,10.202570710271374,-10.202221413341938,0.0003492969294356385,3.423734060298339e-05,2.4538717431103474,0.21212459257642308,0.0015153706416001893,0.1,0.0023791191694810974,10.18162801485679,0.020942695414584774,-4.181561221229006,6.021486531635415,2.4411270132623093,63.46818682968101
2285.0,-10.202803795425384,10.202803795425384,-10.202570710271374,10.202570710271374,-10.202221469414368,0.000349240857005384,3.4231844314729545e-05,1.421514139615291,0.2700944239986261,0.0015128830286209865,0.1,0.00414796330410858,10.181650940638608,0.0209197696327652,-8.182101346299184,2.0207024491261993,2.440997277159228,63.46818682968101
2290.0,-10.20336114895824,10.20336114895824,-10.202570710271374,10.202570710271374,-10.202222659242615,0.000348051028758789,3.41152159077292e-05,2.3614951927655117,0.14346671364405636,0.0015104049233107015,0.1,0.00501301118692898,10.181673791294946,0.020896918976428647,-4.6267016035036175,5.576659545454623,2.4409105016135744,63.46818682968101
2295.0,-10.202911575861835,10.202911575861835,-10.202570710271374,10.202570710271374,-10.202222659242615,0.000348051028758789,3.41152159077292e-05,2.091849794089268,0.2645942269873136,0.001507936268690637,0.1,0.0012029710012717303,10.181696567235202,0.020874143036171647,-5.827076014830522,4.375835561031313,2.4410540220879593,63.46818682968101
2300.0,-10.202651361491103,10.202651361491103,-10.202570710271374,10.202570710271374,-10.20222296719212,0.00034774307925466985,3.40850303284811e-05,1.139979782361108,0.19457112528396148,0.0015054770082467246,0.1,0.0015666986162838693,10.181719268865667,0.020851441405707476,-8.903097457299026,1.2995539041920772,2.4412522656374724,63.46818682968101
2305.0,-10.202957145794112,10.202957145794112,-10.202570710271374,10.202570710271374,-10.20222296719212,0.00034774307925466985,3.40850303284811e-05,1.1219245187408788,0.13046758181349993,0.0015030270859247318,0.1,0.0013304943499726821,10.181741896589537,0.02082881368183567,-8.94424252004216,1.2587146257519528,2.4410635829723897,63.46818682968101
2310.0,-10.203133563390297,10.203133563390297,-10.202570710271374,10.202570710271374,-10.20222296719212,0.00034774307925466985,3.40850303284811e-05,3.006823076225198,0.30006646630572964,0.0015005864461255366,0.1,0.0027227493963285676,10.181764450806963,0.020806259464411975,-1.162148551669933,9.040985011720364,2.441293328645739,63.46818682968101
2315.0,-10.203126376702208,10.203126376702208,-10.202570710271374,10.202570710271374,-10.202223495532655,0.00034721473871890396,3.403324176057721e-05,1.5969648630374789,0.23253458524994178,0.0014981550337004551,0.1,0.004822470160303873,10.181786931915056,0.020783778356318634,-7.652829602925893,2.5502967737763154,2.4410710585931694,63.46818682968101
2320.0,-10.20299365067175,10.20299365067175,-10.202570710271374,10.202570710271374,-10.202224743729825,0.00034596654154839257,3.3910892010198045e-05,1.7227278415450786,0.22417171573895767,0.0014957327939466298,0.1,0.0018063482661503098,10.18180934030794,0.020761369963434993,-7.235202434637187,2.9677912160345636,2.4410839552668975,63.46818682968101
2325.0,-10.202920573553717,10.202920573553717,-10.202570710271374,10.202570710271374,-10.202224743729825,0.00034596654154839257,3.3910892010198045e-05,2.3949179137562755,0.23574121531958017,0.0014933196726024738,0.1,0.002308937626561108,10.181831676376765,0.020739033894608506,-4.4672887599230044,5.735631813630713,2.4411036478156,63.46818682968101
2330.0,-10.203369828667316,10.203369828667316,-10.202570710271374,10.202570710271374,-10.202224743729825,0.00034596654154839257,3.3910892010198045e-05,2.016796103534617,0.22531808758645558,0.0014909156158431722,0.1,0.004662231052957116,10.181853940509749,0.020716769761626043,-6.135903305434901,4.067466523232415,2.441081476953263,63.46818682968101
2335.0,-10.203317068275396,10.203317068275396,-10.202570710271374,10.202570710271374,-10.202224743729825,0.00034596654154839257,3.3910892010198045e-05,2.486339467960986,0.24328634638134214,0.0014885205702762387,0.1,0.0030893919802810746,10.181876133092189,0.020694577179185557,-4.02143311833488,6.1818839499405165,2.4413921997976717,63.46818682968101
2340.0,-10.202821335275248,10.202821335275248,-10.202570710271374,10.202570710271374,-10.202224743729825,0.00034596654154839257,3.3910892010198045e-05,1.7226778284514095,0.21661048617309764,0.0014861344829371246,0.1,0.0023774440907115197,10.181898254506505,0.020672455764868078,-7.235202434637187,2.967618900638061,2.4411203309319123,63.46818682968101
2345.0,-10.203211925143252,10.203211925143252,-10.202570710271374,10.202570710271374,-10.202225013302796,0.0003456969685782241,3.388446815547255e-05,2.5197762836757063,0.19424823338059624,0.0014837573012848858,0.1,0.002062006900604831,10.181920305132264,0.020650405139110022,-3.8539394053686973,6.349272519774555,2.4410890979101776,63.46818682968101
2350.0,-10.202901369769393,10.202901369769393,-10.202570710271374,10.202570710271374,-10.202225748281965,0.0003449619894091427,3.3812424653241344e-05,2.26799229745974,0.22223015163876764,0.0014813889731978992,0.1,0.0030220738461697403,10.181942285346198,0.02062842492517587,-5.059112308432684,5.143789061336709,2.441307097242799,63.46818682968101
2355.0,-10.202830620491742,10.202830620491742,-10.202570710271374,10.202570710271374,-10.202225748281965,0.0003449619894091427,3.3812424653241344e-05,2.3030019427403183,0.33544718114820005,0.0014790294469696336,0.1,0.003119499590172758,10.181964195522243,0.02060651474913109,-4.899012672226063,5.303817948265679,2.441118910053812,63.46818682968101
2360.0,-10.203409880634858,10.203409880634858,-10.202570710271374,10.202570710271374,-10.202225748281965,0.0003449619894091427,3.3812424653241344e-05,1.1403124235646274,0.23503971425248188,0.00147667867130447,0.1,0.006248243140007386,10.181986036031558,0.020584674239815456,-8.903097457299026,1.300312423335832,2.440866796352273,63.46818682968101
2365.0,-10.20337920254606,10.20337920254606,-10.202570710271374,10.202570710271374,-10.202225964574438,0.00034474569693543344,3.379122341854675e-05,1.8220624864602162,0.17206815888492588,0.001474336595313576,0.1,0.004763465897563375,10.182007807242558,0.020562903028816623,-6.883467497980477,3.319911704565583,2.440957123205727,63.46818682968101
2370.0,-10.203276256856979,10.203276256856979,-10.202570710271374,10.202570710271374,-10.20222643874018,0.0003442715311940958,3.3744745155510206e-05,2.3314612009103644,0.21166422017308575,0.0014720031685108257,0.1,0.001470088125872333,10.18202950952093,0.020541200750444025,-4.767564925506583,5.435711331350396,2.4411956119929914,63.46818682968101
2375.0,-10.203215079968107,10.203215079968107,-10.202570710271374,10.202570710271374,-10.202226606654566,0.0003441036168077005,3.3728285998200965e-05,2.233209661068005,0.21096283302980237,0.0014696783408087737,0.1,0.0009815457706930687,10.182051143229671,0.02051956704170308,-5.2159896896806375,4.9872253902874695,2.4414839449721697,63.46818682968101
2380.0,-10.203197705779708,10.203197705779708,-10.202570710271374,10.202570710271374,-10.202226606654566,0.0003441036168077005,3.3728285998200965e-05,1.1402193861186039,0.17359799166563292,0.001467362062514675,0.1,0.0017665707026649465,10.182072708729104,0.020498001542269693,-8.903097457299026,1.3001002484806818,2.441047465066645,63.46818682968101
2385.0,-10.203189467209663,10.203189467209663,-10.202570710271374,10.202570710271374,-10.202226662382236,0.00034404788913811046,3.3722823509370525e-05,1.9827545338844657,0.1937588331358294,0.0014650542843265533,0.1,0.005968486615953319,10.18209420637691,0.02047650389446504,-6.271873925570258,3.931315541639405,2.441165979049568,63.46818682968101
2390.0,-10.203314375708604,10.203314375708604,-10.202570710271374,10.202570710271374,-10.202226662382236,0.00034404788913811046,3.3722823509370525e-05,1.6866294156306223,0.24366240502823577,0.0014627549573293167,0.1,0.00445418331424247,10.182115636528144,0.020455073743230655,-7.358595590038115,2.84471878567049,2.441195829529458,63.46818682968101
2395.0,-10.203202374231559,10.203202374231559,-10.202570710271374,10.202570710271374,-10.202226802067736,0.00034390820363761065,3.370913137981887e-05,1.7227884198572876,0.22449264945602435,0.0014604640329909208,0.1,0.0026008707061126713,10.18213699953527,0.02043371073610381,-7.235202434637187,2.967999939594372,2.4412713020348704,63.46818682968101
2400.0,-10.203168622338904,10.203168622338904,-10.202570710271374,10.202570710271374,-10.202227550596373,0.00034315967500120337,3.363575976906572e-05,1.1220187620074569,0.25600545348723275,0.0014581814631585762,0.1,0.0031298595373793225,10.18215829574818,0.020412414523193152,-8.94424252004216,1.2589261022967442,2.4411087275234613,63.46818682968101
2405.0,-10.20353967314692,10.20353967314692,-10.202570710271374,10.202570710271374,-10.202227550596373,0.00034315967500120337,3.363575976906572e-05,1.9828428449013962,0.23642972152201125,0.0014559072000550036,0.1,0.006629664814077614,10.182179525514218,0.02039118475715464,-6.271873925570258,3.9316657475766625,2.441337165453089,63.46818682968101
2410.0,-10.203455145416576,10.203455145416576,-10.202570710271374,10.202570710271374,-10.202227550596373,0.00034315967500120337,3.363575976906572e-05,1.1221464366892662,0.2629704454928918,0.0014536411962747303,0.1,0.005958836345167578,10.182200689178206,0.020370021093167764,-8.94424252004216,1.259212625374417,2.441168344677291,63.46818682968101
2415.0,-10.20320422365328,10.20320422365328,-10.202570710271374,10.202570710271374,-10.202227857319984,0.0003428529513893608,3.3605694382072405e-05,2.19248725384924,0.22695421671950397,0.0014513834047804352,0.1,0.004325765692154863,10.182221787082462,0.02034892318891199,-5.3962038653618976,4.807000358291383,2.441171098650947,63.46818682968101
2420.0,-10.203275708647043,10.203275708647043,-10.202570710271374,10.202570710271374,-10.202228135291175,0.0003425749801984068,3.357844734067296e-05,1.7554373732037472,0.2008529345947597,0.0014491337788993329,0.1,0.00221025948605322,10.18224281956683,0.020327890704543543,-7.1217153374065685,3.0815603712404744,2.441460369404651,63.46818682968101
2425.0,-10.203492361519364,10.203492361519364,-10.202570710271374,10.202570710271374,-10.202228135291175,0.0003425749801984068,3.357844734067296e-05,1.7228725799902262,0.226312282901911,0.0014468922723196028,0.1,0.0015162795996871668,10.1822637869687,0.02030692330267238,-7.235202434637187,2.9682899268821776,2.4412119231352687,63.46818682968101
2430.0,-10.203557091645513,10.203557091645513,-10.202570710271374,10.202570710271374,-10.2022295475028,0.00034116276857432126,3.344002082935173e-05,2.362333772951437,0.2418282509770522,0.0014446588390868618,0.1,0.004028238652283087,10.182284689623035,0.020286020648339485,-4.622936236818538,5.580620854826974,2.441349904960418,63.46818682968101
2435.0,-10.202811169620968,10.202811169620968,-10.202570710271374,10.202570710271374,-10.20222966319225,0.00034104707912341325,3.3428680825902964e-05,1.62955257869599,0.2607100691771194,0.0014424334336006748,0.1,0.005806145233793047,10.182305527862379,0.02026518240899438,-7.547369562886217,2.655441606734751,2.441445873049332,63.46818682968101
2440.0,-10.20287048600888,10.20287048600888,-10.202570710271374,10.202570710271374,-10.20222966319225,0.00034104707912341325,3.3428680825902964e-05,2.1789060916060135,0.2195148966123746,0.001440216010611111,0.1,0.0028308603760281406,10.1823263020169,0.0202444082544729,-5.455238729971085,4.747631756037795,2.4414953594576194,63.46818682968101
2445.0,-10.202862101689702,10.202862101689702,-10.202570710271374,10.202570710271374,-10.202229865610349,0.00034084466102513034,3.3408839588495125e-05,1.114331479650313,0.19161603518306977,0.0014380065252153364,0.1,0.0017555473333475192,10.182347012414398,0.02022369785697524,-8.961127455150047,1.2417346465396548,2.4413424765003384,63.46818682968101
2450.0,-10.202863322632236,10.202863322632236,-10.202570710271374,10.202570710271374,-10.202229949023037,0.0003407612483368183,3.3400663388247735e-05,2.0083899118261663,0.18966739294669727,0.0014358049328542487,0.1,0.0032842069179012056,10.18236765938033,0.020203050891044214,-6.1692332847071185,4.033630037925118,2.4415098068195302,63.46818682968101
2455.0,-10.20290086568518,10.20290086568518,-10.202570710271374,10.202570710271374,-10.202230026721248,0.00034068355012628615,3.339304732729827e-05,2.5412815787565814,0.2364124733525662,0.001433611189309152,0.1,0.0028671994307178784,10.18238824323783,0.02018246703354378,-3.744788803157638,6.458112062527542,2.44151570095806,63.46818682968101
2460.0,-10.202777696094062,10.202777696094062,-10.202570710271374,10.202570710271374,-10.202230488423641,0.00034022184773263575,3.33477907717025e-05,1.7732358694395085,0.21669993490422282,0.0014314252506984688,0.1,0.0034524643139234885,10.182408764307736,0.020161945963637795,-7.058412247427172,3.14436544866689,2.4415264891951294,63.46818682968101
2465.0,-10.203039600907333,10.203039600907333,-10.202570710271374,10.202570710271374,-10.202230488423641,0.00034022184773263575,3.33477907717025e-05,1.1219612653140807,0.19049541767517003,0.001429247073474491,0.1,0.0021109664493395466,10.182429222908604,0.02014148736276902,-8.94424252004216,1.2587970808651736,2.4412690639634054,63.46818682968101
2470.0,-10.202945336242184,10.202945336242184,-10.202570710271374,10.202570710271374,-10.202230488423641,0.00034022184773263575,3.33477907717025e-05,1.595155100763054,0.2676086066529546,0.0014270766144201697,0.1,0.0037062515196506786,10.182449619356735,0.020121090914638342,-7.658425540751798,2.5445197954903858,2.4414990120825433,63.46818682968101
2475.0,-10.202770409906725,10.202770409906725,-10.202570710271374,10.202570710271374,-10.202230672306962,0.0003400379644116214,3.3329766335770455e-05,1.5299627865537022,0.18667721220274783,0.0014249138306459395,0.1,0.0041826649330240495,10.182469953966189,0.02010075630518424,-7.861984281667553,2.3407861282391718,2.441472994406674,63.46818682968101
2480.0,-10.202646487263722,10.202646487263722,-10.202570710271374,10.202570710271374,-10.202231009240371,0.0003397010310024484,3.329673977140629e-05,1.1217860612530195,0.15821757407113873,0.0014227586795865835,0.1,0.002633449331185932,10.182490227048811,0.02008048322256247,-8.94424252004216,1.2584039672215628,2.441451681032674,63.46818682968101
2485.0,-10.202733172845823,10.202733172845823,-10.202570710271374,10.202570710271374,-10.202231200867889,0.0003395094034850388,3.3277956243155636e-05,2.187741590883378,0.253043957864982,0.0014206111189981323,0.1,0.0030533581535092695,10.182510438914248,0.020060271357125986,-5.416519904364886,4.786213268480937,2.4417046355366607,63.46818682968101
2490.0,-10.202837504034978,10.202837504034978,-10.202570710271374,10.202570710271374,-10.202231200867889,0.0003395094034850388,3.3277956243155636e-05,1.541646968189537,0.20056380398799248,0.0014184711069547974,0.1,0.002706938288617041,10.18253058986997,0.020040120401405057,-7.8261621295069865,2.3766753745279914,2.4414090084781037,63.46818682968101
2495.0,-10.203031675193033,10.203031675193033,-10.202570710271374,10.202570710271374,-10.202231260229695,0.00033945004167890147,3.3272137537417384e-05,1.140146577372404,0.20931301059947852,0.001416338601845944,0.1,0.0036273342888786214,10.182550680221286,0.020020030050087657,-8.903097457299026,1.2999342178940072,2.4412549542580395,63.46818682968101
2500.0,-10.20302946231531,10.20302946231531,-10.202570710271374,10.202570710271374,-10.202231604996928,0.00033910527444547256,3.323834309734578e-05,1.6215424787205632,0.23254846214672256,0.001414213562373095,0.1,0.004132704648169132,10.182570710271374,0.02,-7.57362945202008,2.62940001029523,2.441290791754293,63.46818682968101
2505.0,-10.20314546056542,10.20314546056542,-10.202570710271374,10.202570710271374,-10.202231604996928,0.00033910527444547256,3.323834309734578e-05,1.5067955106180793,0.19827481187948032,0.0014120959475469707,0.1,0.003703558794847498,10.182590680321287,0.019980029950087342,-7.932712749746623,2.2704327108187963,2.4415429266161803,63.46818682968101
2510.0,-10.203325675143882,10.203325675143882,-10.202570710271374,10.202570710271374,-10.202232159652342,0.0003385506190323184,3.318397520605482e-05,1.7228242047599325,0.15186941459848863,0.0014099857166845627,0.1,0.0059073434651604655,10.182610590669979,0.019960119601394977,-7.235202434637187,2.968123240506695,2.441411690747399,63.46818682968101
2515.0,-10.203002162023479,10.203002162023479,-10.202570710271374,10.202570710271374,-10.202232527449059,0.000338182822314792,3.314792339862013e-05,1.5917501001343637,0.21172452894539504,0.0014078828294062408,0.1,0.0029701794748352053,10.182630441614325,0.019940268657049436,-7.669333780745723,2.5336683812777556,2.4415676040401637,63.46818682968101
2520.0,-10.202732800554895,10.202732800554895,-10.202570710271374,10.202570710271374,-10.20223309745791,0.0003376128134640055,3.309205055784586e-05,2.3613621486445653,0.1655273054176277,0.001405787245632893,0.1,0.0035514317973690313,10.182650233449134,0.019920476822239894,-4.6267016035036175,5.576031197051277,2.4416215657137665,63.46818682968101
2525.0,-10.20284993644182,10.20284993644182,-10.202570710271374,10.202570710271374,-10.20223309745791,0.0003376128134640055,3.309205055784586e-05,2.4265752673968497,0.1711917640546978,0.001403698925583099,0.1,0.002033585903906478,10.182669966467174,0.01990074380419978,-4.314582408099731,5.88826752834209,2.44185877573264,63.46818682968101
2530.0,-10.202895236381224,10.202895236381224,-10.202570710271374,10.202570710271374,-10.20223309745791,0.0003376128134640055,3.309205055784586e-05,2.083234005308844,0.18024469382510194,0.0014016178297703334,0.1,0.0020554867061905392,10.182689640959186,0.019881069312188606,-5.863031315506095,4.339863920875128,2.441635525176409,63.46818682968101
2535.0,-10.202774846101953,10.202774846101953,-10.202570710271374,10.202570710271374,-10.202233138867296,0.00033757140407786324,3.308799156841677e-05,1.755294707077811,0.17003977659410205,0.001399543919000203,0.1,0.002097113315129408,10.182709257213899,0.019861453057473933,-7.1217153374065685,3.0810595086953843,2.4414237973581465,63.46818682968101
2540.0,-10.202769464256365,10.202769464256365,-10.202570710271374,10.202570710271374,-10.202233138867296,0.00033757140407786324,3.308799156841677e-05,2.5079583690525467,0.25237227442791726,0.0013974771543677155,0.1,0.004918030538798991,10.182728815518061,0.019841894753313626,-3.912914283355657,6.289855180900708,2.4414504516272872,63.46818682968101
2545.0,-10.202870173919107,10.202870173919107,-10.202570710271374,10.202570710271374,-10.202233214356658,0.0003374959147155465,3.308059202573607e-05,1.1400757503868253,0.17793993925528198,0.0013954174972545762,0.1,0.0016968018230414056,10.182748316156436,0.019822394114938212,-8.903097457299026,1.2997727166200814,2.441382942821305,63.46818682968101
2550.0,-10.202924372447963,10.202924372447963,-10.202570710271374,10.202570710271374,-10.202233581834102,0.00033712843727151665,3.304457152125991e-05,1.7938809838924696,0.21835501222640355,0.001393364909326519,0.1,0.0018788753699337162,10.18276775941184,0.019802950859533486,-6.9849153880769475,3.218008984371016,2.4413622036817753,63.46818682968101
2555.0,-10.203172466857328,10.203172466857328,-10.202570710271374,10.202570710271374,-10.202233899466991,0.0003368108043826368,3.301343683173478e-05,2.293870962888127,0.17686432395005122,0.0013913193525306644,0.1,0.001692082653984373,10.18278714556515,0.019783564706223267,-4.941328472476022,5.261843994381306,2.441249275774278,63.46818682968101
2560.0,-10.202768921520097,10.202768921520097,-10.202570710271374,10.202570710271374,-10.202234576927195,0.00033613334417914587,3.294703151987176e-05,1.3938159700446182,0.19078326480401223,0.0013892807890929083,0.1,0.002030199305624937,10.18280647489532,0.01976423537605237,-8.260045963168674,1.942722958351423,2.441249403939803,63.46818682968101
2565.0,-10.20286090338793,10.20286090338793,-10.202570710271374,10.202570710271374,-10.202234640053984,0.0003360702173900165,3.29408437706975e-05,1.1400716846272887,0.16183254328867758,0.0013872491815153415,0.1,0.002750731675246188,10.182825747679404,0.019744962591969745,-8.903097457299026,1.2997634460889032,2.4411295732937894,63.46818682968101
2570.0,-10.202737171915357,10.202737171915357,-10.202570710271374,10.202570710271374,-10.202234640053984,0.0003360702173900165,3.29408437706975e-05,1.722653400216704,0.2412383548349392,0.0013852244925736947,0.1,0.006002378486490738,10.182844964192562,0.01972574607881179,-7.235202434637187,2.9675347372781706,2.4413891335538365,63.46818682968101
2575.0,-10.203169888909034,10.203169888909034,-10.202570710271374,10.202570710271374,-10.202234640053984,0.0003360702173900165,3.29408437706975e-05,1.7554072323829772,0.2429201410411896,0.0013832066853148152,0.1,0.0032260075938979576,10.182864124708088,0.019706585563285865,-7.1217153374065685,3.081454551502466,2.441243102402601,63.46818682968101
2580.0,-10.203046131661985,10.203046131661985,-10.202570710271374,10.202570710271374,-10.202234640053984,0.0003360702173900165,3.29408437706975e-05,2.083270221588138,0.10034892993007055,0.0013811957230541708,0.1,0.003938524065074767,10.18288322949742,0.019687480773953943,-5.863031315506095,4.34001481615589,2.44133642978796,63.46818682968101
2585.0,-10.203219266531706,10.203219266531706,-10.202570710271374,10.202570710271374,-10.202234777587298,0.0003359326840755017,3.292736262191229e-05,1.421660268922404,0.19131017060488592,0.0013791915693733808,0.1,0.004641253168120291,10.182902278830158,0.019668431441216497,-8.182101346299184,2.0211179202325216,2.441155228682945,63.46818682968101
2590.0,-10.202903702495096,10.202903702495096,-10.202570710271374,10.202570710271374,-10.202235209145146,0.0003355011262282659,3.28850609058226e-05,1.8788063037392024,0.2646305573361236,0.0013771941881177742,0.1,0.004492189034360178,10.182921272974077,0.01964943729729648,-6.672990575524935,3.529913126970161,2.4414029321439568,63.46818682968101
2595.0,-10.202893303603922,10.202893303603922,-10.202570710271374,10.202570710271374,-10.202235209145146,0.0003355011262282659,3.28850609058226e-05,1.1218960662921338,0.23078359438609045,0.0013752035433939763,0.1,0.0042425884087591605,10.18294021219515,0.01963049807622355,-8.94424252004216,1.2586507835617624,2.440958530616895,63.46818682968101
2600.0,-10.203082593808759,10.203082593808759,-10.202570710271374,10.202570710271374,-10.202235551983732,0.00033515828764230093,3.2851455539774564e-05,1.8788539108413473,0.18335423664649173,0.0013732195995675217,0.1,0.004069317811854894,10.182959096757555,0.019611613513818404,-6.672990575524935,3.530092018283824,2.4415190832524942,63.46818682968101
2605.0,-10.202892522730933,10.202892522730933,-10.202570710271374,10.202570710271374,-10.202236045073064,0.0003346651983093807,3.280312245578748e-05,1.5951385463272885,0.21481102027170418,0.0013712423212604928,0.1,0.0027878456975235135,10.182977926923696,0.019592783347677303,-7.658425540751798,2.5444669819791343,2.441263997117531,63.46818682968101
2610.0,-10.202880075676942,10.202880075676942,-10.202570710271374,10.202570710271374,-10.202236045073064,0.0003346651983093807,3.280312245578748e-05,1.1400800929662431,0.21694515852767263,0.0013692716733491835,0.1,0.003350136889838704,10.182996702954217,0.01957400731715678,-8.903097457299026,1.2997826183779164,2.4413225554987728,63.46818682968101
2615.0,-10.202973644067981,10.202973644067981,-10.202570710271374,10.202570710271374,-10.202236378668344,0.00033433160302998033,3.277042313281701e-05,1.5224014249179874,0.11321439499352944,0.0013673076209617927,0.1,0.0007815354654466859,10.183015425108016,0.019555285163358464,-7.885267545475663,2.3177060985923186,2.4412934124277283,63.46818682968101
2620.0,-10.202897101923803,10.202897101923803,-10.202570710271374,10.202570710271374,-10.20223659272058,0.00033411755079448824,3.274944153254446e-05,2.5796867551306435,0.1693515548244317,0.001365350129476137,0.1,0.004009511702469626,10.18303409364226,0.01953661662911409,-3.5481133473273347,6.654783754596468,2.4415488427973524,63.46818682968101
2625.0,-10.202843496758277,10.202843496758277,-10.202570710271374,10.202570710271374,-10.202237065047536,0.0003336452238382748,3.2703143605761744e-05,1.3413427744549942,0.1613879010941287,0.0013633991645173947,0.1,0.003041333509785257,10.183052708812403,0.019518001458970664,-8.403643058175657,1.79920043858262,2.4411613639385075,63.46818682968101
2630.0,-10.202813677044688,10.202813677044688,-10.202570710271374,10.202570710271374,-10.202237065047536,0.0003336452238382748,3.2703143605761744e-05,1.5525814794511095,0.12138280578532107,0.001361454691955869,0.1,0.003351427972319905,10.183071270872198,0.019499439399175793,-7.792304426710091,2.410509250334597,2.4414409246220403,63.46818682968101
2635.0,-10.203027783563416,10.203027783563416,-10.202570710271374,10.202570710271374,-10.202237065047536,0.0003336452238382748,3.2703143605761744e-05,2.585082239407893,0.30912106254875804,0.0013595166779047793,0.1,0.002007923591274523,10.183089780073711,0.019480930197663147,-3.52037759906129,6.682650184502125,2.4413488213281735,63.46818682968101
2640.0,-10.203348070609817,10.203348070609817,-10.202570710271374,10.202570710271374,-10.202237065047536,0.0003336452238382748,3.2703143605761744e-05,2.3622895321681625,0.28484104613562966,0.001357585088718076,0.1,0.003901681838968484,10.183108236667335,0.019462473604038074,-4.622936236818538,5.5804118337912785,2.441375421056671,63.46818682968101
2645.0,-10.203360862358153,10.203360862358153,-10.202570710271374,10.202570710271374,-10.202237065047536,0.0003336452238382748,3.2703143605761744e-05,2.5808986582029485,0.22813140671263538,0.0013556598909882768,0.1,0.0028905116611089867,10.183126640901811,0.019444069369563388,-3.5423229784443766,6.661037883913776,2.4412041464605636,63.46818682968101
2650.0,-10.203204272130598,10.203204272130598,-10.202570710271374,10.202570710271374,-10.202237639242934,0.0003330710284394911,3.2646860445431355e-05,1.1220346483457802,0.21087685740471085,0.0013537410515443297,0.1,0.0035488349553565017,10.183144993024229,0.019425717247145282,-8.94424252004216,1.2589617520884389,2.44136082144786,63.46818682968101
2655.0,-10.20322695172824,10.20322695172824,-10.202570710271374,10.202570710271374,-10.202237639242934,0.0003330710284394911,3.2646860445431355e-05,2.6601534962610835,0.26310254547793127,0.001351828537449496,0.1,0.0044768046078665765,10.183163293280055,0.0194074169913194,-3.1268103280581725,7.076416623670068,2.4415635511553786,63.46818682968101
2660.0,-10.203204116591097,10.203204116591097,-10.202570710271374,10.202570710271374,-10.202237639242934,0.0003330710284394911,3.2646860445431355e-05,1.5068149743231496,0.19769053220052638,0.0013499223159992592,0.1,0.0033805521095119848,10.183181541913136,0.019389168358237032,-7.932712749746623,2.2704913668444737,2.441624955205028,63.46818682968101
2665.0,-10.203460134670927,10.203460134670927,-10.202570710271374,10.202570710271374,-10.202238304355893,0.0003324059154810044,3.25816654703196e-05,1.1221486597722996,0.21057952293059276,0.0013480223547192537,0.1,0.004519979364827151,10.183199739165723,0.019370971105651492,-8.94424252004216,1.259217614628767,2.441398231173014,63.46818682968101
2670.0,-10.203235875137718,10.203235875137718,-10.202570710271374,10.202570710271374,-10.202238318064651,0.00033239220672243164,3.25803217254668e-05,1.6287288520609504,0.225332860039518,0.0013461286213632183,0.1,0.0030497062012578755,10.18321788527847,0.01935282499290459,-7.550478201601937,2.652757673535781,2.4416634728043443,63.46818682968101
2675.0,-10.203099719868764,10.203099719868764,-10.202570710271374,10.202570710271374,-10.202239111819017,0.00033159845235708474,3.250251721437669e-05,1.393934631430072,0.14746507914495535,0.0013442410839109692,0.1,0.001980489547089144,10.18323598049046,0.019334729780913273,-8.260045963168674,1.94305375670009,2.4414436599224776,63.46818682968101
2680.0,-10.202905437192724,10.202905437192724,-10.202570710271374,10.202570710271374,-10.202239111819017,0.00033159845235708474,3.250251721437669e-05,1.950659618951075,0.2696077263888493,0.0013423597105663974,0.1,0.004994051218936861,10.183254025039217,0.019316685232156395,-6.39783248818637,3.8050729490063544,2.441639914190817,63.46818682968101
2685.0,-10.202953800310778,10.202953800310778,-10.202570710271374,10.202570710271374,-10.202239111819017,0.00033159845235708474,3.250251721437669e-05,2.6485903549174106,0.27982591143364305,0.0013404844697554852,0.1,0.0029475550819205196,10.183272019160713,0.019298691110661625,-3.1879229321492453,7.015030868161533,2.4413688447674273,63.46818682968101
2690.0,-10.203120704932852,10.203120704932852,-10.202570710271374,10.202570710271374,-10.202239111819017,0.00033159845235708474,3.250251721437669e-05,1.9665482452819205,0.21023113626458734,0.0013386153301243454,0.1,0.004034352398229739,10.183289963089381,0.019280747181992474,-6.335808703911453,3.867312001021399,2.4416934205690453,63.46818682968101
2695.0,-10.202929557530947,10.202929557530947,-10.202570710271374,10.202570710271374,-10.202239390001685,0.0003313202696890727,3.2475249503924645e-05,1.7732786893502592,0.22185106860112638,0.0013367522605372804,0.1,0.003432516917976915,10.18330785705814,0.019262853213235488,-7.058412247427172,3.144517310103775,2.4414979166928874,63.46818682968101
2700.0,-10.202714619089132,10.202714619089132,-10.202570710271374,10.202570710271374,-10.202239390001685,0.0003313202696890727,3.2475249503924645e-05,1.7648157876025383,0.21778830492911858,0.0013348952300748635,0.1,0.003481812041071724,10.183325701298386,0.019245008972987525,-7.088139854917966,3.1145747641711665,2.4417089902536997,63.46818682968101
2705.0,-10.20280625575606,10.20280625575606,-10.202570710271374,10.202570710271374,-10.202239661017906,0.00033104925346805203,3.244868425635694e-05,1.8307329494608253,0.21144854527733295,0.0013330442080320382,0.1,0.0008619506185421096,10.183343496040031,0.019227214231343204,-6.851223123514528,3.351583132241533,2.4415137371335667,63.46818682968101
2710.0,-10.20284326442956,10.20284326442956,-10.202570710271374,10.202570710271374,-10.202239661017906,0.00033104925346805203,3.244868425635694e-05,1.595123106119952,0.25295314448373957,0.0013311991639162405,0.1,0.0031691937679732642,10.183361241511491,0.019209468759882463,-7.658425540751798,2.5444177236777623,2.4414380172195176,63.46818682968101
2715.0,-10.202914883772706,10.202914883772706,-10.202570710271374,10.202570710271374,-10.202239661017906,0.00033104925346805203,3.244868425635694e-05,2.0495789804180844,0.2530160043902467,0.0013293600674455384,0.1,0.0031262631803186795,10.183378937939716,0.019191772331658235,-6.002140886801072,4.200773996971634,2.4417376183069726,63.46818682968101
2720.0,-10.203180998866667,10.203180998866667,-10.202570710271374,10.202570710271374,-10.202239971552242,0.0003307387191320288,3.241824541024865e-05,2.648633245037414,0.20150680617974656,0.001327526888546793,0.1,0.0037140977617282377,10.18339658555019,0.01917412472118426,-3.1879229321492453,7.015258066717422,2.4412680156196496,63.46818682968101
2725.0,-10.203007058509655,10.203007058509655,-10.202570710271374,10.202570710271374,-10.202239971552242,0.0003307387191320288,3.241824541024865e-05,2.3703224769079343,0.29922492338664225,0.001325699597353839,0.1,0.0057299174233809685,10.183414184566951,0.019156525704423027,-4.584578413974691,5.618428644534965,2.4417546307709372,63.46818682968101
2730.0,-10.203344724824515,10.203344724824515,-10.202570710271374,10.202570710271374,-10.202240130244078,0.0003305800272954684,3.240269029891572e-05,1.522523293532435,0.19237855850703012,0.0013238781642056817,0.1,0.004382830763224095,10.1834317352126,0.019138975058773818,-7.885267545475663,2.318077179348852,2.441344971568808,63.46818682968101
2735.0,-10.20318090825676,10.20318090825676,-10.202570710271374,10.202570710271374,-10.202240547384008,0.00033016288736575916,3.2361801883843774e-05,2.018939571099097,0.2468897658030979,0.0013220625596447168,0.1,0.0020916343975660714,10.183449237708313,0.019121472563060887,-6.12706391650695,4.07611699174981,2.4414357286965793,63.46818682968101
2740.0,-10.202860893881939,10.202860893881939,-10.202570710271374,10.202570710271374,-10.20224055693993,0.00033015333144348347,3.236086520415374e-05,1.8787949112015936,0.18149002763130495,0.0013202527544149665,0.1,0.004210400839597012,10.183466692273852,0.019104017997521754,-6.672990575524935,3.5298703183570037,2.4417691831609583,63.46818682968101
2745.0,-10.202981157337357,10.202981157337357,-10.202570710271374,10.202570710271374,-10.20224055693993,0.00033015333144348347,3.236086520415374e-05,1.14012442305142,0.15014232495404256,0.001318448719460334,0.1,0.004338240558891927,10.183484099127579,0.019086611143795607,-8.903097457299026,1.2998837000383308,2.4412635020558207,63.46818682968101
2750.0,-10.203087696454563,10.203087696454563,-10.202570710271374,10.202570710271374,-10.202240941598404,0.0003297686729695215,3.232316065237487e-05,1.6865622154004427,0.21821396442307978,0.0013166504259228776,0.1,0.002795100671339604,10.183501458486463,0.019069251784911846,-7.358595590038115,2.844492106416449,2.4413178715191,63.46818682968101
2755.0,-10.202730159064386,10.202730159064386,-10.202570710271374,10.202570710271374,-10.202240941598404,0.0003297686729695215,3.232316065237487e-05,1.121823354642889,0.182956068574611,0.001314857845141102,0.1,0.003907091216535145,10.183518770566096,0.019051939705278707,-8.94424252004216,1.258487639022226,2.44157716235895,63.46818682968101
2760.0,-10.203089964323848,10.203089964323848,-10.202570710271374,10.202570710271374,-10.202241768719528,0.0003289415518459293,3.2242085543833804e-05,2.192461196683296,0.15551540162769736,0.001313070948648267,0.1,0.0059026260845366175,10.183536035580701,0.019034674690672024,-5.3962038653618976,4.80688609896195,2.441589816722991,63.46818682968101
2765.0,-10.20275930047158,10.20275930047158,-10.202570710271374,10.202570710271374,-10.202241768719528,0.0003289415518459293,3.2242085543833804e-05,2.2623542355747572,0.24317407987073872,0.001311289708170715,0.1,0.004469744000749774,10.183553253743149,0.0190174565282241,-5.084512613248538,5.118246687223042,2.441869115965494,63.46818682968101
2770.0,-10.202883643184773,10.202883643184773,-10.202570710271374,10.202570710271374,-10.202241768719528,0.0003289415518459293,3.2242085543833804e-05,1.1400816575516637,0.16711933054995998,0.0013095140956262143,0.1,0.0030856190679058792,10.18357042526496,0.01900028500641266,-8.903097457299026,1.299786185885747,2.4417510046326845,63.46818682968101
2775.0,-10.202733760373256,10.202733760373256,-10.202570710271374,10.202570710271374,-10.202241906167423,0.00032880410395108584,3.222861278679526e-05,1.1142738914751664,0.17890500763807587,0.0013077440831223209,0.1,0.004665812546927486,10.183587550356323,0.01898315991504998,-8.961127455150047,1.2416063052232094,2.441816224120739,63.46818682968101
2780.0,-10.202782853329559,10.202782853329559,-10.202570710271374,10.202570710271374,-10.202241942307179,0.0003287679641950092,3.222507033788891e-05,2.639288241933854,0.19198716209171313,0.0013059796429547568,0.1,0.0034416439084750685,10.183604629226101,0.01896608104527204,-3.236940429319267,6.965842424010292,2.4417889311760947,63.46818682968101
2785.0,-10.202705141323435,10.202705141323435,-10.202570710271374,10.202570710271374,-10.202241963923278,0.00032874634809587633,3.222295150991074e-05,2.3613562920109743,0.20360084377703547,0.0013042207476058046,0.1,0.0037917457782532375,10.183621662081846,0.018949048189527844,-4.6267016035036175,5.576003537819817,2.4416562923561482,63.46818682968101
2790.0,-10.20279705831448,10.20279705831448,-10.202570710271374,10.202570710271374,-10.202241963923278,0.00032874634809587633,3.222295150991074e-05,1.1218531714410405,0.18982250135123882,0.0013024673697427196,0.1,0.0036645215399676474,10.183638649129804,0.01893206114156883,-8.94424252004216,1.258554538272321,2.4416708514316308,63.46818682968101
2795.0,-10.202820200080586,10.202820200080586,-10.202570710271374,10.202570710271374,-10.202242319383355,0.0003283908880185038,3.218810901938589e-05,1.794637358810472,0.2772939709275042,0.0013007194822161577,0.1,0.003927606998220802,10.183655590574935,0.01891511969643836,-6.982096950442358,3.220723249638228,2.4418786610389382,63.46818682968101
2800.0,-10.202940922291841,10.202940922291841,-10.202570710271374,10.202570710271374,-10.202242445725798,0.00032826454557621787,3.217572482937253e-05,1.393877670071218,0.13304133807845558,0.0012989770580586176,0.1,0.0024436097526246334,10.183672486620912,0.01889822365046136,-8.260045963168674,1.9428949591231675,2.4416158878939465,63.46818682968101
2805.0,-10.203021892804149,10.203021892804149,-10.202570710271374,10.202570710271374,-10.202242846359255,0.0003278639121191418,3.2136454410722285e-05,1.7589601290652548,0.17457618341297837,0.0012972400704829043,0.1,0.0015999452797617374,10.18368933747014,0.018881372801234024,-7.1090811571628905,3.093940735641258,2.4415756741707657,63.46818682968101
2810.0,-10.20277901077949,10.20277901077949,-10.202570710271374,10.202570710271374,-10.202242846359255,0.0003278639121191418,3.2136454410722285e-05,1.9506272126147326,0.19367120772709215,0.0012955084928806015,0.1,0.00391189599522199,10.18370614332376,0.018864566947613626,-6.39783248818637,3.804946522593121,2.4417499855238853,63.46818682968101
2815.0,-10.203007881854163,10.203007881854163,-10.202570710271374,10.202570710271374,-10.202243295742463,0.00032741452891116296,3.2092405505345824e-05,1.5923831428380268,0.18919411072361825,0.0012937822988205643,0.1,0.004357231767877571,10.183722904381666,0.018847805889708434,-7.667323808259452,2.5356840735947106,2.4414248242726972,63.46818682968101
2820.0,-10.202873144168839,10.202873144168839,-10.202570710271374,10.202570710271374,-10.202243295742463,0.00032741452891116296,3.2092405505345824e-05,1.8219236115129425,0.22442272683466835,0.001292061462047426,0.1,0.0037839432123360365,10.183739620842506,0.018831089428867735,-6.883467497980477,3.319405646188362,2.441603743023882,63.46818682968101
2825.0,-10.202791490633793,10.202791490633793,-10.202570710271374,10.202570710271374,-10.202243295742463,0.00032741452891116296,3.2092405505345824e-05,1.1400412419446793,0.24525649630284652,0.0012903459564801204,0.1,0.004401025865124416,10.183756292903702,0.018814417367671945,-8.903097457299026,1.2996940333347666,2.441455684578143,63.46818682968101
2830.0,-10.20304048246177,10.20304048246177,-10.202570710271374,10.202570710271374,-10.202243295742463,0.00032741452891116296,3.2092405505345824e-05,1.3414162009928585,0.18147080989913134,0.001288635756210417,0.1,0.0024310156806493406,10.18377292076145,0.018797789509922808,-8.403643058175657,1.7993974242861128,2.4413367848461998,63.46818682968101
2835.0,-10.202967501197532,10.202967501197532,-10.202570710271374,10.202570710271374,-10.202243638634322,0.0003270716370522564,3.2058794970714735e-05,1.596915119307109,0.2299590711677138,0.0012869308355014748,0.1,0.003388895271495388,10.18378950461074,0.0187812056606337,-7.652829602925893,2.5501378982716396,2.4414212399131303,63.46818682968101
2840.0,-10.202891649041467,10.202891649041467,-10.202570710271374,10.202570710271374,-10.20224387069542,0.0003268395759530307,3.20360481571935e-05,2.167514311820843,0.2804689828240475,0.0012852311687864071,0.1,0.0029092210384100772,10.183806044645355,0.018764665626020038,-5.504773357093285,4.698118291948182,2.4414302369014815,63.46818682968101
2845.0,-10.20299234072466,10.20299234072466,-10.202570710271374,10.202570710271374,-10.202243989945519,0.00032672032585523425,3.202435916816169e-05,1.1401293275000153,0.23006569567738122,0.0012835367306668632,0.1,0.003803842072763867,10.183822541057884,0.018748169213489752,-8.903097457299026,1.2998948834256332,2.4412810102965596,63.46818682968101
2850.0,-10.202847600314989,10.202847600314989,-10.202570710271374,10.202570710271374,-10.202244313217108,0.00032639705426618093,3.199267183234677e-05,1.5525924042081665,0.22840802501834048,0.0012818474959116243,0.1,0.0016537968409947282,10.18383899403974,0.01873171623163388,-7.792304426710091,2.410543173604898,2.441599533360194,63.46818682968101
2855.0,-10.203217103851024,10.203217103851024,-10.202570710271374,10.202570710271374,-10.202244692321209,0.00032601795016518054,3.195551175228724e-05,2.655502327671907,0.280216141507273,0.001280163439455211,0.1,0.004281947939392003,10.183855403781157,0.01871530649021723,-3.1515244915801066,7.051692612270918,2.441407558798277,63.46818682968101
2860.0,-10.20298522779747,10.20298522779747,-10.202570710271374,10.202570710271374,-10.202244692321209,0.00032601795016518054,3.195551175228724e-05,1.595167604687882,0.28040322975684323,0.0012784845363965085,0.1,0.0038251131787307487,10.183871770471205,0.018698939800169144,-7.658425540751798,2.5445596870456715,2.4415518086695407,63.46818682968101
2865.0,-10.202967337941924,10.202967337941924,-10.202570710271374,10.202570710271374,-10.202244692321209,0.00032601795016518054,3.195551175228724e-05,1.140118362558423,0.2055964749131085,0.0012768107619974024,0.1,0.00415114944587771,10.1838880942978,0.01868261597357436,-8.903097457299026,1.2998698806428983,2.4412447104563566,63.46818682968101
2870.0,-10.203031376780809,10.203031376780809,-10.202570710271374,10.202570710271374,-10.202244692321209,0.00032601795016518054,3.195551175228724e-05,2.0430577322764156,0.24093643411542673,0.0012751420916814308,0.1,0.004671934940462712,10.18390437544771,0.018666334823663935,-6.0289464793663585,4.17408489741445,2.4414676366140537,63.46818682968101
2875.0,-10.202910284288754,10.202910284288754,-10.202570710271374,10.202570710271374,-10.20224536518528,0.00032534508609316504,3.1889557097243614e-05,1.121903634117741,0.18129297633290672,0.0012734785010324477,0.1,0.003191145030351801,10.183920614106567,0.018650096164806278,-8.94424252004216,1.258667764246594,2.441457390578084,63.46818682968101
2880.0,-10.202861220811135,10.202861220811135,-10.202570710271374,10.202570710271374,-10.20224536518528,0.00032534508609316504,3.1889557097243614e-05,1.393849079937445,0.20351522197075061,0.0012718199657933008,0.1,0.004377121453476403,10.183936810458876,0.018633899812498248,-8.260045963168674,1.9428152576424615,2.441529723499376,63.46818682968101
2885.0,-10.203022531333755,10.203022531333755,-10.202570710271374,10.202570710271374,-10.20224536518528,0.00032534508609316504,3.1889557097243614e-05,1.9596648107561159,0.23948010498500824,0.0012701664618645226,0.1,0.0021970452812446663,10.183952964688018,0.018617745583356375,-6.362736360817953,3.8402861705158013,2.4418260482979735,63.46818682968101
2890.0,-10.203090444188572,10.203090444188572,-10.202570710271374,10.202570710271374,-10.20224553253099,0.00032517774038431924,3.18731537432082e-05,2.0299840382147796,0.18462837150237482,0.0012685179653030342,0.1,0.0023397557479369426,10.183969076976267,0.018601633295108114,-6.082255248781787,4.120835195406785,2.441227871193926,63.46818682968101
2895.0,-10.20278646271607,10.20278646271607,-10.202570710271374,10.202570710271374,-10.202245613452453,0.0003250968189210113,3.186522175983941e-05,2.0662188779509614,0.269387413083293,0.0012668744523208616,0.1,0.0033294750802202525,10.18398514750479,0.01858556276658322,-5.93352601111514,4.269260451600929,2.441460734025863,63.46818682968101
2900.0,-10.20293714600882,10.20293714600882,-10.202570710271374,10.202570710271374,-10.202245614074942,0.00032509619643228405,3.1865160743021494e-05,1.140105121780354,0.1829351616701431,0.0012652358992838663,0.1,0.00472901284669519,10.184001176453668,0.018569533817705187,-8.903097457299026,1.2998396887097936,2.441399577117224,63.46818682968101
2905.0,-10.202997770241808,10.202997770241808,-10.202570710271374,10.202570710271374,-10.202245924144886,0.000324786126487453,3.183476745241027e-05,1.6368707957345077,0.14787235579125266,0.001263602282710486,0.1,0.0035823157757472177,10.184017164001892,0.018553546269482774,-7.523651768313286,2.679346001928522,2.441569326636816,63.46818682968101
2910.0,-10.203020655347217,10.203020655347217,-10.202570710271374,10.202570710271374,-10.202246240110838,0.0003244701605353839,3.180379623260876e-05,1.1401417447178195,0.18972929617731887,0.0012619735792704899,0.1,0.002412262003355023,10.184033110327372,0.01853759994400162,-8.903097457299026,1.299923198048191,2.4414253613954986,63.46818682968101
2915.0,-10.203133941315025,10.203133941315025,-10.202570710271374,10.202570710271374,-10.202246240110838,0.0003244701605353839,3.180379623260876e-05,2.648624361657534,0.3126225960052866,0.001260349765783745,0.1,0.003006703009695876,10.184049015606957,0.018521694664415903,-3.1879229321492453,7.01521100916578,2.4415389600491344,63.46818682968101
2920.0,-10.202934580317523,10.202934580317523,-10.202570710271374,10.202570710271374,-10.202246240110838,0.0003244701605353839,3.180379623260876e-05,1.9572829286777194,0.19465451380757606,0.0012587308192189954,0.1,0.004542585275632528,10.184064880016434,0.018505830254940132,-6.371978117424294,3.830956462893229,2.441529212941245,63.46818682968101
2925.0,-10.20320956378836,10.20320956378836,-10.202570710271374,10.202570710271374,-10.202246475655237,0.00032423461613717564,3.178070799513317e-05,2.288835311765516,0.20184624447882712,0.0012571167166926535,0.1,0.0030045588606590922,10.184080703730533,0.018490006540840973,-4.964442479403618,5.238767084384741,2.4416066277905877,63.46818682968101
2930.0,-10.202759796346257,10.202759796346257,-10.202570710271374,10.202570710271374,-10.202246857029394,0.0003238532419800322,3.174332541825292e-05,1.9826461789174585,0.22896043573697686,0.0012555074354676013,0.1,0.002634802024671479,10.184096486922945,0.01847422334842916,-6.271873925570258,3.930885870775999,2.441521242270157,63.46818682968101
2935.0,-10.202851123701524,10.202851123701524,-10.202570710271374,10.202570710271374,-10.202246945847001,0.00032376442437254127,3.173461945109407e-05,2.1675049634564254,0.16551132897073334,0.0012539029529520071,0.1,0.0022216494811261728,10.184112229766322,0.0184584805050515,-5.504773357093285,4.69807776660824,2.4415460489990535,63.46818682968101
2940.0,-10.202572724406512,10.202572724406512,-10.202570710271374,10.202570710271374,-10.202247171194534,0.0003235390768399071,3.1712530721016183e-05,1.5222697457845142,0.2107958807349938,0.0012523032466981493,0.1,0.0015039767071012876,10.184127932432292,0.01844277783908294,-7.885267545475663,2.317305178930849,2.4417451743912912,63.46818682968101
2945.0,-10.202740468100096,10.202740468100096,-10.202570710271374,10.202570710271374,-10.202247171194534,0.0003235390768399071,3.1712530721016183e-05,1.3413043688605646,0.12687087757250307,0.0012507082944012563,0.1,0.001431543038403746,10.184143595091456,0.018427115179918692,-8.403643058175657,1.799097409924439,2.441610056913022,63.46818682968101
2950.0,-10.20277373032697,10.20277373032697,-10.202570710271374,10.202570710271374,-10.20224734470929,0.00032336556208356626,3.169552267827128e-05,2.008367607192431,0.15982336134188682,0.001249118073898353,0.1,0.004118609657409188,10.184159217913408,0.018411492357966467,-6.1692332847071185,4.033540445619851,2.4418667165725467,63.46818682968101
2955.0,-10.203154917038615,10.203154917038615,-10.202570710271374,10.202570710271374,-10.202247672399636,0.000323037871737597,3.166340223356059e-05,2.509794107996796,0.11612152481432783,0.001247532563167123,0.1,0.004782791490831267,10.184174801066735,0.01839590920463876,-3.9040884525031823,6.299066464535433,2.441331155153498,63.46818682968101
2960.0,-10.202962968419923,10.202962968419923,-10.202570710271374,10.202570710271374,-10.202247672399636,0.000323037871737597,3.166340223356059e-05,2.361410884390158,0.2373596624744869,0.0012459517403247784,0.1,0.0017610831526310249,10.18419034471903,0.018380365552345193,-4.6267016035036175,5.576261364916306,2.4414630810276385,63.46818682968101
2965.0,-10.202844968209487,10.202844968209487,-10.202570710271374,10.202570710271374,-10.202247672399636,0.000323037871737597,3.166340223356059e-05,1.8527395991296016,0.20619014832940244,0.0012443755836269428,0.1,0.00575555459919521,10.18420584903689,0.018364861234484966,-6.77020094602657,3.4326440221829166,2.4416826803222085,63.46818682968101
2970.0,-10.202853877884682,10.202853877884682,-10.202570710271374,10.202570710271374,-10.202247983553013,0.00032272671836075517,3.163290275643379e-05,1.6904073674230664,0.19705592793946258,0.0012428040714665433,0.1,0.0032727970072876887,10.184221314185935,0.018349396085439344,-7.345376810046498,2.8574770678381833,2.441702378542037,63.46818682968101
2975.0,-10.203178459185391,10.203178459185391,-10.202570710271374,10.202570710271374,-10.202247983553013,0.00032272671836075517,3.163290275643379e-05,1.686589122800001,0.15604992193255682,0.001241237182372715,0.1,0.005635062945574654,10.18423674033081,0.018333969940564226,-7.358595590038115,2.8445828691472768,2.4414114394744995,63.46818682968101
2980.0,-10.20308328635215,10.20308328635215,-10.202570710271374,10.202570710271374,-10.202247983553013,0.00032272671836075517,3.163290275643379e-05,1.4216124436895485,0.18163292778257906,0.0012396748950097153,0.1,0.004204529875807952,10.18425212763519,0.01831858263618279,-8.182101346299184,2.020981940052966,2.4416083113016556,63.46818682968101
2985.0,-10.203335265236056,10.203335265236056,-10.202570710271374,10.202570710271374,-10.202247983553013,0.00032272671836075517,3.163290275643379e-05,1.9507697908901722,0.20244834939252723,0.001238117188175847,0.1,0.003060624635400018,10.184267476261796,0.018303234009578204,-6.39783248818637,3.8055027770496865,2.4416983499837044,63.46818682968101
2990.0,-10.20285914854447,10.20285914854447,-10.202570710271374,10.202570710271374,-10.202247983553013,0.00032272671836075517,3.163290275643379e-05,1.771969284865647,0.3377747264776258,0.001236564040802396,0.1,0.004523854493106904,10.184282786372387,0.018287923898986376,-7.062984002037196,3.139875146507273,2.441533315253996,63.46818682968101
2995.0,-10.203121654846463,10.203121654846463,-10.202570710271374,10.202570710271374,-10.202247983553013,0.00032272671836075517,3.163290275643379e-05,1.8364898736586526,0.23360055364007135,0.001235015431952574,0.1,0.0049966802420046115,10.184298058127785,0.018272652143588818,-6.830426598795688,3.372695056050775,2.44182356146949,63.46818682968101
3000.0,-10.203096738634333,10.203096738634333,-10.202570710271374,10.202570710271374,-10.202247983553013,0.00032272671836075517,3.163290275643379e-05,1.6369010264280015,0.22179785919432496,0.0012334713408204754,0.1,0.004877694610600276,10.184313291687868,0.018257418583505537,-7.523651768313286,2.679444970321047,2.4417610104417418,63.46818682968101
3005.0,-10.203144952515679,10.203144952515679,-10.202570710271374,10.202570710271374,-10.202248998300234,0.0003217119711393934,3.1533436519045246e-05,1.7939424640825945,0.15809144834051184,0.0012319317467300419,0.1,0.004554227531428816,10.184328487211586,0.018242223059788013,-6.9849153880769475,3.2182295644387313,2.4416238293639094,63.46818682968101
3010.0,-10.203042585565262,10.203042585565262,-10.202570710271374,10.202570710271374,-10.202248998300234,0.0003217119711393934,3.1533436519045246e-05,2.3441853579207246,0.3195704842846744,0.0012303966291340384,0.1,0.0027617188471642097,10.18434364485696,0.01822706541441223,-4.707837593275347,5.495204992289915,2.4415380945938057,63.46818682968101
3015.0,-10.202720635362844,10.202720635362844,-10.202570710271374,10.202570710271374,-10.202249288676441,0.0003214215949327581,3.150497364238164e-05,1.522318327383331,0.18539502550909906,0.0012288659676130372,0.1,0.004206089660941154,10.184358764781102,0.018211945490271768,-7.885267545475663,2.3174530898871817,2.4418012613094935,63.46818682968101
3020.0,-10.202641633517896,10.202641633517896,-10.202570710271374,10.202570710271374,-10.202249489720389,0.0003212205509850463,3.148526717648913e-05,1.1399755156225382,0.21502377795266078,0.0012273397418744135,0.1,0.004358040162109279,10.184373847140202,0.018196863131170974,-8.903097457299026,1.2995441762188698,2.441708515319186,63.46818682968101
3025.0,-10.202879312560109,10.202879312560109,-10.202570710271374,10.202570710271374,-10.202249489720389,0.0003212205509850463,3.148526717648913e-05,1.12188983082919,0.22581797872306192,0.0012258179317513492,0.1,0.0028740403183286634,10.184388892089556,0.01818181818181818,-8.94424252004216,1.2586367925179491,2.4416590868501515,63.46818682968101
3030.0,-10.20277139549464,10.20277139549464,-10.202570710271374,10.202570710271374,-10.202249547848663,0.00032116242271129636,3.147956940330082e-05,1.3168951860556404,0.20774187551639578,0.0012243005172018465,0.1,0.0036423309215257373,10.184403899783554,0.01816681048781899,-8.468558464438116,1.7342129310565237,2.441849920843318,63.46818682968101
3035.0,-10.20281523856357,10.20281523856357,-10.202570710271374,10.202570710271374,-10.202249547848663,0.00032116242271129636,3.147956940330082e-05,1.1218612741874152,0.1706971743517383,0.001222787478307751,0.1,0.0038980808124853493,10.184418870375705,0.018151839895669614,-8.94424252004216,1.2585727185214104,2.4416674513156797,63.46818682968101
3040.0,-10.2028549841231,10.2028549841231,-10.202570710271374,10.202570710271374,-10.202249792680668,0.00032091759070596027,3.145557080323538e-05,1.5525947821028536,0.14716301638661225,0.0012212787952737842,0.1,0.003910420651372485,10.184433804018624,0.01813690625275029,-7.792304426710091,2.410550557413009,2.441768203976454,63.46818682968101
3045.0,-10.202747703459352,10.202747703459352,-10.202570710271374,10.202570710271374,-10.202249994981372,0.0003207152900017718,3.143574115117117e-05,1.9073448390310992,0.20779634521610746,0.001219774448426585,0.1,0.003237719214151715,10.184448700864055,0.018122009407318746,-6.564783368480785,3.637964334978567,2.4417678498801343,63.46818682968101
3050.0,-10.202743005393213,10.202743005393213,-10.202570710271374,10.202570710271374,-10.202249994981372,0.0003207152900017718,3.143574115117117e-05,1.3938066731884082,0.21735021121173642,0.0012182744182137595,0.1,0.0019457706781702575,10.18446356106287,0.018107149208503707,-8.260045963168674,1.9426970422245393,2.4417902779793716,63.46818682968101
3055.0,-10.202647805464402,10.202647805464402,-10.202570710271374,10.202570710271374,-10.202250564185746,0.0003201460856274707,3.1379947357039054e-05,1.7938038960230454,0.2356862638430857,0.0012167786852029412,0.1,0.0015187241597229442,10.184478384765075,0.0180923255062985,-6.9849153880769475,3.217732417387454,2.4418405737082636,63.46818682968101
3060.0,-10.202883610599919,10.202883610599919,-10.202570710271374,10.202570710271374,-10.202250564185746,0.0003201460856274707,3.1379947357039054e-05,2.2626103464130245,0.26311065480689394,0.0012152872300808582,0.1,0.0034964196370407524,10.184493172119819,0.018077538151554683,-5.0834780309046534,5.1194055796952656,2.4416353164206894,63.46818682968101
3065.0,-10.203098433199374,10.203098433199374,-10.202570710271374,10.202570710271374,-10.202250564185746,0.0003201460856274707,3.1379947357039054e-05,2.6271490423516046,0.22692588450090592,0.0012138000336524115,0.1,0.004858931576476013,10.184507923275397,0.018062786995975737,-3.3011863424704195,6.901912090728954,2.441952388179813,63.46818682968101
3070.0,-10.203025020001723,10.203025020001723,-10.202570710271374,10.202570710271374,-10.202250613926001,0.0003200963453728889,3.137507178425509e-05,1.8467259735900046,0.2068701163890319,0.0012123170768397595,0.1,0.0026910584670578803,10.184522638379264,0.01804807189211084,-6.7926281984697745,3.4103968215319487,2.441835114256884,63.46818682968101
3075.0,-10.20288313979397,10.20288313979397,-10.202570710271374,10.202570710271374,-10.202250613926001,0.0003200963453728889,3.137507178425509e-05,1.764863531516249,0.27179467494246184,0.0012108383406814129,0.1,0.005172155324588669,10.184537317578025,0.018033392693348645,-7.088139854917966,3.1147432848760044,2.441636196526187,63.46818682968101
3080.0,-10.203049105048068,10.203049105048068,-10.202570710271374,10.202570710271374,-10.202250613926001,0.0003200963453728889,3.137507178425509e-05,1.121965500809142,0.22900966803752376,0.001209363806331337,0.1,0.0035192041323194147,10.184551961017462,0.018018749253911177,-8.94424252004216,1.2588065850059085,2.441503408197021,63.46818682968101
3085.0,-10.202712847620091,10.202712847620091,-10.202570710271374,10.202570710271374,-10.202250613926001,0.0003200963453728889,3.137507178425509e-05,1.421482149490773,0.33477051373208044,0.0012078934550580618,0.1,0.0056106058591580635,10.184566568842525,0.018004141428847736,-8.182101346299184,2.020611501320907,2.441678865097167,63.46818682968101
3090.0,-10.202806234262056,10.202806234262056,-10.202570710271374,10.202570710271374,-10.202250690999273,0.00032001927210068004,3.136751701102684e-05,1.1218572610719675,0.26564575488462855,0.0012064272682438032,0.1,0.004701788685112641,10.184581141197345,0.017989569074028863,-8.94424252004216,1.2585637142198962,2.4417234303558075,63.46818682968101
3095.0,-10.203137742905229,10.203137742905229,-10.202570710271374,10.202570710271374,-10.202251341270445,0.00031936900092865983,3.13037770042715e-05,1.821996225277307,0.21190497218640506,0.0012049652273835895,0.1,0.0023128943408406845,10.184595678225234,0.017975032046140385,-6.883467497980477,3.319670244924752,2.4415155635694514,63.46818682968101
3100.0,-10.203002465831673,10.203002465831673,-10.202570710271374,10.202570710271374,-10.202251341270445,0.00031936900092865983,3.13037770042715e-05,1.7939027503615466,0.24506944931595095,0.0012035073140843956,0.1,0.0024746698290156873,10.184610180068697,0.01796053020267749,-6.9849153880769475,3.218087077754726,2.441484814721045,63.46818682968101
3105.0,-10.202793784901118,10.202793784901118,-10.202570710271374,10.202570710271374,-10.202251341270445,0.00031936900092865983,3.13037770042715e-05,1.8627419655317368,0.24565010043625002,0.0012020535100642892,0.1,0.0039750908531631605,10.184624646869436,0.017946063401938852,-6.732986154748079,3.4698076301530394,2.4414744758214333,63.46818682968101
3110.0,-10.202672017183707,10.202672017183707,-10.202570710271374,10.202570710271374,-10.202251557492094,0.00031915277928007413,3.128258281827035e-05,2.146677590163477,0.3140682116325731,0.0012006037971515802,0.1,0.003203830103633642,10.184639078768353,0.017931631503020816,-5.594447341073632,4.6082246761100745,2.4416243052805204,63.46818682968101
3115.0,-10.202781754083597,10.202781754083597,-10.202570710271374,10.202570710271374,-10.202251796206172,0.000318914065202236,3.125918391083309e-05,1.7763713617055297,0.12111234885619612,0.00119915815728398,0.1,0.0021754369237829336,10.184653475905563,0.017917234365811652,-7.04728653939604,3.155495214687557,2.4415841764881923,63.46818682968101
3120.0,-10.202837710982376,10.202837710982376,-10.202570710271374,10.202570710271374,-10.202251796206172,0.000318914065202236,3.125918391083309e-05,1.140061513113811,0.14035499707082427,0.0011977165725077705,0.1,0.002292413877456078,10.184667838420388,0.017902871850985824,-8.903097457299026,1.2997402536833498,2.4413275445532974,63.46818682968101
3125.0,-10.202800364810997,10.202800364810997,-10.202570710271374,10.202570710271374,-10.202252118683637,0.0003185915877370604,3.1227574464035814e-05,1.7938464194947257,0.19477411458569177,0.0011962790249769764,0.1,0.0013743641977438177,10.184682166451376,0.01788854381999832,-6.9849153880769475,3.21788497673405,2.441610255963503,63.46818682968101
3130.0,-10.202903613419531,10.202903613419531,-10.202570710271374,10.202570710271374,-10.202252118683637,0.0003185915877370604,3.1227574464035814e-05,1.8816116544345323,0.23871309557761608,0.0011948454969525491,0.1,0.0031140630489411895,10.184696460136294,0.01787425013507906,-6.662441195315674,3.540462418103857,2.4415784101649782,63.46818682968101
3135.0,-10.202699261246062,10.202699261246062,-10.202570710271374,10.202570710271374,-10.202252221667273,0.00031848860410121915,3.1217479942793566e-05,1.7226423966130855,0.2635870225858967,0.0011934159708015563,0.1,0.003923591840256967,10.184710719612147,0.017859990659227328,-7.235202434637187,2.9674968266088753,2.4416233220799475,63.46818682968101
3140.0,-10.202947050538521,10.202947050538521,-10.202570710271374,10.202570710271374,-10.202252519502068,0.0003181907693061703,3.118828598860244e-05,1.9826934016555013,0.1874403776482009,0.0011919904289963775,0.1,0.004650977127622297,10.184724945015168,0.017845765256206243,-6.271873925570258,3.931073124968263,2.4412232590792655,63.46818682968101
3145.0,-10.203108651943527,10.203108651943527,-10.202570710271374,10.202570710271374,-10.202252771113471,0.0003179391579024582,3.116362288167052e-05,2.585097880715977,0.2100359275515045,0.0011905688541139117,0.1,0.004003441219050958,10.184739136480836,0.0178315737905373,-3.52037759906129,6.682731052882237,2.4413660416574605,63.46818682968101
3150.0,-10.20283284809632,10.20283284809632,-10.202570710271374,10.202570710271374,-10.202252771113471,0.0003179391579024582,3.116362288167052e-05,1.7763508685398124,0.2818996206192756,0.0011891512288347865,0.1,0.0044602955700407555,10.18475329414388,0.017817416127494958,-7.047410439934173,3.1554224081621465,2.441647693103319,63.46818682968101
3155.0,-10.202837143174731,10.202837143174731,-10.202570710271374,10.202570710271374,-10.202252771113471,0.0003179391579024582,3.116362288167052e-05,1.6286064415851957,0.22416762484721536,0.0011877375359425776,0.1,0.002638336737741634,10.184767418138273,0.01780329213310126,-7.550478201601937,2.6523589415727944,2.4416499477227327,63.46818682968101
3160.0,-10.202836009830639,10.202836009830639,-10.202570710271374,10.202570710271374,-10.202252771113471,0.0003179391579024582,3.116362288167052e-05,1.9506418230019236,0.20797224680282317,0.0011863277583230366,0.1,0.002842546516475329,10.184781508597254,0.0177892016741205,-6.39783248818637,3.8050035216442692,2.4416003094042233,63.46818682968101
3165.0,-10.202975350335548,10.202975350335548,-10.202570710271374,10.202570710271374,-10.202253088367119,0.0003176219042551054,3.113252548275502e-05,2.3069107843258796,0.26785954013925967,0.0011849218789633219,0.1,0.003598868479593716,10.18479556565332,0.017775144618053972,-4.881137983496505,5.321837366839042,2.441583409393945,63.46818682968101
3170.0,-10.202979385264904,10.202979385264904,-10.202570710271374,10.202570710271374,-10.2022532640942,0.00031744617717421875,3.11153006063316e-05,1.8542595396514745,0.22808110052189998,0.00118351988095124,0.1,0.004687969503214968,10.18480958943824,0.0177611208331347,-6.764700944876407,3.4382784403884967,2.441679841304502,63.46818682968101
3175.0,-10.202876301051473,10.202876301051473,-10.202570710271374,10.202570710271374,-10.2022532640942,0.00031744617717421875,3.11153006063316e-05,1.1400784375438597,0.22993555899841406,0.0011821217474744924,0.1,0.003359032040654763,10.184823580083052,0.017747130188322274,-8.903097457299026,1.2997788437524473,2.4415529303923194,63.46818682968101
3180.0,-10.20296529280636,10.20296529280636,-10.202570710271374,10.202570710271374,-10.202253467410635,0.00031724286073853136,3.1095371405141986e-05,1.1401174656619095,0.21248578421259773,0.0011807274618199292,0.1,0.0052503960428876275,10.184837537718076,0.017733172553297715,-8.903097457299026,1.2998678355073334,2.4415506257377664,63.46818682968101
3185.0,-10.202786747601658,10.202786747601658,-10.202570710271374,10.202570710271374,-10.202253533203947,0.0003171770674263996,3.1088922304677555e-05,1.12184857603845,0.2635256463979777,0.0011793370073728095,0.1,0.005172461067933224,10.184851462472915,0.01771924779845835,-8.94424252004216,1.258544227559499,2.441659544447938,63.46818682968101
3190.0,-10.203124503594957,10.203124503594957,-10.202570710271374,10.202570710271374,-10.202253533203947,0.0003171770674263996,3.1088922304677555e-05,2.2772572369436315,0.2956717679973671,0.001177950367616069,0.1,0.005081060211520678,10.184865354476461,0.017705355794912777,-5.0172239803828145,5.185900523212142,2.441821082531088,63.46818682968101
3195.0,-10.203194364761849,10.203194364761849,-10.202570710271374,10.202570710271374,-10.202253533203947,0.0003171770674263996,3.1088922304677555e-05,2.0039111966168743,0.254097440629973,0.0011765675261295931,0.1,0.0034699419615570122,10.184879213856899,0.01769149641447584,-6.1875342808353775,4.015660083926472,2.4415392041163715,63.46818682968101
3200.0,-10.203132288219818,10.203132288219818,-10.202570710271374,10.202570710271374,-10.202254169846135,0.00031654042523854287,3.102651825457479e-05,1.55268408297043,0.20091712223819555,0.001175188466589498,0.1,0.0010157509305526373,10.18489304074171,0.017677669529663688,-7.792304426710091,2.410827861509727,2.441706895080206,63.46818682968101
3205.0,-10.203021265663974,10.203021265663974,-10.202570710271374,10.202570710271374,-10.202254197945564,0.0003165123258099811,3.1023763931868845e-05,1.860332604116805,0.22355663673910822,0.001173813172767417,0.1,0.005211668697115941,10.184906835257685,0.017663875013688813,-6.74218386772396,3.460837397940014,2.4417298288463445,63.46818682968101
3210.0,-10.202989543876917,10.202989543876917,-10.202570710271374,10.202570710271374,-10.202254197945564,0.0003165123258099811,3.1023763931868845e-05,1.7227266495993294,0.2571652521491566,0.0011724416285297937,0.1,0.003128085168103347,10.184920597530919,0.017650112740455196,-7.235202434637187,2.9677871092397305,2.4415641935219683,63.46818682968101
3215.0,-10.203079487696312,10.203079487696312,-10.202570710271374,10.202570710271374,-10.202254197945564,0.0003165123258099811,3.1023763931868845e-05,2.7001695800454057,0.2807874825066316,0.0011710738178371813,0.1,0.0014947395733290593,10.18493432768682,0.017636382584553453,-2.9121637266937332,7.290915761002579,2.44192208231312,63.46818682968101
3220.0,-10.203074295756066,10.203074295756066,-10.202570710271374,10.202570710271374,-10.202254737390412,0.00031597288096207876,3.0970887229865426e-05,1.140165268045401,0.17888040189000945,0.0011697097247435494,0.1,0.0026849929689848014,10.184948025850117,0.017622684421256033,-8.903097457299026,1.2999768384570398,2.441422745849313,63.46818682968101
3225.0,-10.202920244846874,10.202920244846874,-10.202570710271374,10.202570710271374,-10.202254737390412,0.00031597288096207876,3.0970887229865426e-05,1.6368471145875498,0.23232501474789058,0.0011683493333955939,0.1,0.0034217200693945904,10.184961692144862,0.017609018126512475,-7.523651768313286,2.679268476533588,2.441935569563816,63.46818682968101
3230.0,-10.202835207233896,10.202835207233896,-10.202570710271374,10.202570710271374,-10.202254737390412,0.00031597288096207876,3.0970887229865426e-05,1.11431941205556,0.1939898075830313,0.0011669926280320569,0.1,0.003206161784480357,10.18497532669443,0.017595383576944672,-8.961127455150047,1.2417077520838493,2.4416899864291883,63.46818682968101
3235.0,-10.202780148090538,10.202780148090538,-10.202570710271374,10.202570710271374,-10.202254737390412,0.00031597288096207876,3.0970887229865426e-05,1.9278800808921843,0.27727395185862513,0.00116563959298305,0.1,0.0033855212991719336,10.184988929621532,0.017581780649842196,-6.486058541789682,3.7167216063008555,2.4415654549808607,63.46818682968101
3240.0,-10.202974605536175,10.202974605536175,-10.202570710271374,10.202570710271374,-10.202254909371543,0.0003158008998305206,3.0954029539139786e-05,1.8638868446381378,0.1998060056643736,0.0011642902126693846,0.1,0.004285847699147641,10.185002501048217,0.017568209223157664,-6.7289004359210605,3.4740741696151147,2.4413085968127652,63.46818682968101
3245.0,-10.202889261411283,10.202889261411283,-10.202570710271374,10.202570710271374,-10.202255107544346,0.00031560272702790826,3.0934604526260755e-05,1.6469055029594282,0.1918546465089047,0.0011629444716019079,0.1,0.0009270399443213397,10.185016041095873,0.017554669175502143,-7.490591525733238,2.712297735678045,2.441539583608206,63.46818682968101
3250.0,-10.202807254162275,10.202807254162275,-10.202570710271374,10.202570710271374,-10.202255218830905,0.00031549144046927324,3.092369615366533e-05,1.7648420323769238,0.26028406287507433,0.0011616023543808448,0.1,0.0023487313737051234,10.185029549885233,0.017541160386140585,-7.088139854917966,3.1146673992443095,2.4417012358011156,63.46818682968101
3255.0,-10.202675185807557,10.202675185807557,-10.202570710271374,10.202570710271374,-10.202255218830905,0.00031549144046927324,3.092369615366533e-05,1.2643796622024228,0.20153862131783012,0.0011602638456951456,0.1,0.0030659528845949483,10.185043027536386,0.017527682734987296,-8.604019255616443,1.5986559301911143,2.441789566767761,63.46818682968101
3260.0,-10.202956630875352,10.202956630875352,-10.202570710271374,10.202570710271374,-10.20225561886725,0.0003150914041238906,3.0884484362574223e-05,1.1219242892607297,0.1645792206629557,0.0011589289303218391,0.1,0.002979162619734804,10.185056474168773,0.017514236102601468,-8.94424252004216,1.2587141108331927,2.4415399970430847,63.46818682968101
3265.0,-10.202844264860175,10.202844264860175,-10.202570710271374,10.202570710271374,-10.20225561886725,0.0003150914041238906,3.0884484362574223e-05,2.4135858827871575,0.23270238740521884,0.0011575975931253932,0.1,0.004044939973510656,10.185069889901191,0.01750082037018273,-4.377447451270714,5.825396813589461,2.4420032182439613,63.46818682968101
3270.0,-10.203111185851437,10.203111185851437,-10.202570710271374,10.202570710271374,-10.202255772035452,0.00031493823592221304,3.0869470728764106e-05,1.6865691790772543,0.14744514006885245,0.001156269819057078,0.1,0.002219883164600235,10.185083274851808,0.017487435419566724,-7.358595590038115,2.8445155958133226,2.441615902195068,63.46818682968101
3275.0,-10.20303926559319,10.20303926559319,-10.202570710271374,10.202570710271374,-10.202255772035452,0.00031493823592221304,3.0869470728764106e-05,1.8219692005115549,0.2128761381615191,0.0011549455931543367,0.1,0.005398744945194827,10.185096629138153,0.01747408113322076,-6.883467497980477,3.3195717676127137,2.4418052747867005,63.46818682968101
3280.0,-10.203159102170122,10.203159102170122,-10.202570710271374,10.202570710271374,-10.20225579923305,0.0003149110383233733,3.0866804804781173e-05,1.7236322393144805,0.1951969176021933,0.0011536249005401624,0.1,0.0026243810138927384,10.185109952877134,0.017460757394239454,-7.232251005765872,2.9709080964042505,2.441612424158952,63.46818682968101
3285.0,-10.202954790632617,10.202954790632617,-10.202570710271374,10.202570710271374,-10.20225579923305,0.0003149110383233733,3.0866804804781173e-05,1.965611485655566,0.19399319727368422,0.0011523077264224788,0.1,0.0021669211646645975,10.185123246185034,0.01744746408634046,-6.339326278091535,3.863628512541082,2.44203835383121,63.46818682968101
3290.0,-10.20269656333033,10.20269656333033,-10.202570710271374,10.202570710271374,-10.20225579923305,0.0003149110383233733,3.0866804804781173e-05,1.1142572001922548,0.2635830182847085,0.001150994056093526,0.1,0.0029461207389556384,10.185136509177514,0.017434201093860166,-8.961127455150047,1.2415691081802827,2.4418155699865687,63.46818682968101
3295.0,-10.203109753012004,10.203109753012004,-10.202570710271374,10.202570710271374,-10.202256267716761,0.0003144425546128815,3.0820883769395156e-05,1.773329497184557,0.1993198656593288,0.0011496838749292546,0.1,0.006762757565738047,10.185149741969624,0.017420968301749516,-7.058412247427172,3.1446975055848325,2.441566272402595,63.46818682968101
3300.0,-10.203134727657428,10.203134727657428,-10.202570710271374,10.202570710271374,-10.202256267716761,0.0003144425546128815,3.0820883769395156e-05,1.755397217227729,0.18227173090376836,0.0011483771683887217,0.1,0.004074056765745791,10.185162944675804,0.017407765595569783,-7.1217153374065685,3.0814193902508595,2.44176989739158,63.46818682968101
3305.0,-10.202909224447584,10.202909224447584,-10.202570710271374,10.202570710271374,-10.202256391676656,0.0003143185947180882,3.080873315186628e-05,2.4787780078508312,0.28906210218115846,0.0011470739220134946,0.1,0.0031504013213975546,10.185176117409885,0.017394592861488423,-4.05856881224265,6.144340412204934,2.441923328820909,63.46818682968101
3310.0,-10.202806312923652,10.202806312923652,-10.202570710271374,10.202570710271374,-10.202256391676656,0.0003143185947180882,3.080873315186628e-05,1.393829383301621,0.23834406798840985,0.0011457741214270574,0.1,0.0044007360364748515,10.1851892602851,0.017381449986274954,-8.260045963168674,1.9427603497549786,2.441639656052505,63.46818682968101
3315.0,-10.203054372192025,10.203054372192025,-10.202570710271374,10.202570710271374,-10.202256682346906,0.00031402792446755257,3.0780241494111695e-05,2.249271258915436,0.23833800698097743,0.001144477752334225,0.1,0.0012706760805320386,10.185202373414077,0.01736833685729687,-5.1438331760089975,5.059221196183027,2.4418017467400936,63.46818682968101
3320.0,-10.20271797707245,10.20271797707245,-10.202570710271374,10.202570710271374,-10.202257023766844,0.00031368650452989755,3.0746775326199266e-05,1.4214839537515953,0.2597589754619544,0.0011431848005205604,0.1,0.003763911897972042,10.185215456908859,0.01735525336251558,-8.182101346299184,2.020616630773265,2.4417994511931633,63.46818682968101
3325.0,-10.202839280361598,10.202839280361598,-10.202570710271374,10.202570710271374,-10.202257023766844,0.00031368650452989755,3.0746775326199266e-05,2.291661893277298,0.27513132896990594,0.0011418952518517994,0.1,0.001957312762366682,10.185228510880892,0.0173421993904824,-4.95112504726231,5.251714233099288,2.4419864128276525,63.46818682968101
3330.0,-10.202775337715126,10.202775337715126,-10.202570710271374,10.202570710271374,-10.202257023766844,0.00031368650452989755,3.0746775326199266e-05,1.7648329900580282,0.24939350296810922,0.0011406090922732764,0.1,0.001990989764613352,10.185241535441039,0.017329174830334543,-7.088139854917966,3.1146354827971603,2.4419532379157904,63.46818682968101
3335.0,-10.202579639289963,10.202579639289963,-10.202570710271374,10.202570710271374,-10.202257116345512,0.0003135939258616105,3.0737700715186545e-05,1.77631447100279,0.3702136197872961,0.0011393263078093591,0.1,0.004328010601634022,10.185254530699583,0.017316179571791195,-7.04728653939604,3.155293099893923,2.4419615328119675,63.46818682968101
3340.0,-10.203099860258288,10.203099860258288,-10.202570710271374,10.202570710271374,-10.202257116345512,0.0003135939258616105,3.0737700715186545e-05,2.01672917240352,0.24895792314970294,0.001138046884562886,0.1,0.0016655408525810913,10.185267496766224,0.01730321350514957,-6.135903305434901,4.067196554823386,2.4414324547834494,63.46818682968101
3345.0,-10.202987319566125,10.202987319566125,-10.202570710271374,10.202570710271374,-10.202257116345512,0.0003135939258616105,3.0737700715186545e-05,2.0038595356787727,0.19585211782526366,0.0011367708087146092,0.1,0.0032657690449428307,10.185280433750092,0.017290276521281022,-6.1875342808353775,4.015453038730747,2.4413493105741257,63.46818682968101
3350.0,-10.202843060232416,10.202843060232416,-10.202570710271374,10.202570710271374,-10.202257116345512,0.0003135939258616105,3.0737700715186545e-05,2.362182639724091,0.2774604057604908,0.0011354980665226413,0.1,0.002611076467937851,10.185293341759747,0.017277368511627204,-4.622936236818538,5.579906823413878,2.441816321572907,63.46818682968101
3355.0,-10.202833359641131,10.202833359641131,-10.202570710271374,10.202570710271374,-10.202257377682201,0.00031333258917243256,3.071208435280791e-05,1.6864868127569272,0.1933261589518359,0.0011342286443219087,0.1,0.003634570729007357,10.185306220903177,0.01726448936819622,-7.358595590038115,2.8442377696030166,2.4416165483880476,63.46818682968101
3360.0,-10.202760968984574,10.202760968984574,-10.202570710271374,10.202570710271374,-10.202257784869047,0.00031292540232641386,3.067217168247925e-05,2.192386166628197,0.23465830977546448,0.0011329625285236072,0.1,0.0016382401914681135,10.185319071287815,0.017251638983558856,-5.3962038653618976,4.806557103622676,2.44162480332918,63.46818682968101
3365.0,-10.202830759426652,10.202830759426652,-10.202570710271374,10.202570710271374,-10.202257784869047,0.00031292540232641386,3.067217168247925e-05,1.6401217874578542,0.283119368196281,0.0011316997056146651,0.1,0.0024964016631079523,10.185331893020528,0.017238817250844786,-7.512831281732704,2.6899994776939478,2.4416691515021967,63.46818682968101
3370.0,-10.202898330978105,10.202898330978105,-10.202570710271374,10.202570710271374,-10.202257969944206,0.00031274032716765987,3.065403051843926e-05,1.5223766897527187,0.25621128226205836,0.0011304401621572088,0.1,0.0032830459352143956,10.185344686207635,0.017226024063738864,-7.885267545475663,2.317630785502442,2.441462812174945,63.46818682968101
3375.0,-10.202896923865737,10.202896923865737,-10.202570710271374,10.202570710271374,-10.202257969944206,0.00031274032716765987,3.065403051843926e-05,1.8638660058986738,0.2943071142252964,0.0011291838847880327,0.1,0.008915600247359878,10.185357450954896,0.01721325931647741,-6.7289004359210605,3.4739964879446763,2.4416584380443993,63.46818682968101
3380.0,-10.20325529604639,10.20325529604639,-10.202570710271374,10.202570710271374,-10.202257969944206,0.00031274032716765987,3.065403051843926e-05,1.4216729404990462,0.1344730656455963,0.0011279308602180757,0.1,0.0020149275068855523,10.18537018736753,0.017200522903844537,-8.182101346299184,2.0211539497472053,2.441669937904935,63.46818682968101
3385.0,-10.202861692955526,10.202861692955526,-10.202570710271374,10.202570710271374,-10.202258306743209,0.0003124035281647508,3.0621017305380995e-05,1.7938635134476024,0.19380034896666365,0.0011266810752319,0.1,0.0027658994230228685,10.185382895550205,0.017187814721168516,-6.9849153880769475,3.217946304878579,2.441783687590423,63.46818682968101
3390.0,-10.202790071586653,10.202790071586653,-10.202570710271374,10.202570710271374,-10.202258306743209,0.0003124035281647508,3.0621017305380995e-05,1.1400406195779296,0.22744790815013985,0.0011254345166871755,0.1,0.0033764470630722044,10.185395575607055,0.017175134664318158,-8.903097457299026,1.2996926142876273,2.4417588366782597,63.46818682968101
3395.0,-10.202941445476494,10.202941445476494,-10.202570710271374,10.202570710271374,-10.20225839213905,0.00031231813232324157,3.061264676102362e-05,1.8219423557006453,0.23843297828295734,0.0011241911715141688,0.1,0.0037203573999754235,10.185408227641675,0.017162482629699223,-6.883467497980477,3.319473947496017,2.4415566681124483,63.46818682968101
3400.0,-10.203023350727017,10.203023350727017,-10.202570710271374,10.202570710271374,-10.202258673444117,0.00031203682725688964,3.0585073094559274e-05,1.1219540234273664,0.20044189671132515,0.001122951026715235,0.1,0.0023500716830255064,10.185420851757122,0.017149858514250885,-8.94424252004216,1.2587808306848576,2.4415477065081106,63.46818682968101
3405.0,-10.202669451111667,10.202669451111667,-10.202570710271374,10.202570710271374,-10.202258673444117,0.00031203682725688964,3.0585073094559274e-05,1.7945953584775904,0.26386295564170864,0.0011217140693643153,0.1,0.001634056717285373,10.185433448055932,0.017137262215442182,-6.982096950442358,3.2205725006693093,2.4418593370879873,63.46818682968101
3410.0,-10.20280403977964,10.20280403977964,-10.202570710271374,10.202570710271374,-10.202258673444117,0.00031203682725688964,3.0585073094559274e-05,1.1218562830137722,0.16134989469739863,0.0011204802866064385,0.1,0.0017222546665799138,10.185446016640105,0.01712469363126854,-8.94424252004216,1.25856151973748,2.441643893382465,63.46818682968101
3415.0,-10.202986134496083,10.202986134496083,-10.202570710271374,10.202570710271374,-10.202258787681869,0.0003119225895051869,3.057387545214987e-05,1.4215782736792586,0.17435035645641495,0.0011192496656572267,0.1,0.0015797521404251817,10.185458557611126,0.017112152660248292,-8.182101346299184,2.0208847881968985,2.4417682619687526,63.46818682968101
3420.0,-10.202821785859422,10.202821785859422,-10.202570710271374,10.202570710271374,-10.202258995126767,0.00031171514460659466,3.0553541598531184e-05,1.7719587421331866,0.271392876093212,0.0011180221938024038,0.1,0.0034084233269871225,10.185471071069955,0.017099639201419235,-7.062984002037196,3.139837783822226,2.441648131705408,63.46818682968101
3425.0,-10.202961550127938,10.202961550127938,-10.202570710271374,10.202570710271374,-10.202258995126767,0.00031171514460659466,3.0553541598531184e-05,1.3169673821662484,0.23764011554150663,0.0011167978583973104,0.1,0.005161909575221322,10.185483557117038,0.01708715315433522,-8.468558464438116,1.7344030856898218,2.4416116134883556,63.46818682968101
3430.0,-10.203017097213644,10.203017097213644,-10.202570710271374,10.202570710271374,-10.202258995126767,0.00031171514460659466,3.0553541598531184e-05,1.1401401843258658,0.2553525345361402,0.0011155766468664218,0.1,0.002346209326810622,10.18549601585231,0.017074694419062765,-8.903097457299026,1.2999196399146182,2.441659754912901,63.46818682968101
3435.0,-10.202776875525362,10.202776875525362,-10.202570710271374,10.202570710271374,-10.202259328043482,0.00031138222789195424,3.052090893592968e-05,1.3413179404413058,0.29132385504597486,0.0011143585467028694,0.1,0.006620788335018452,10.185508447375197,0.017062262896177707,-8.403643058175657,1.7991338173497056,2.4417425491705904,63.46818682968101
3440.0,-10.202874466796615,10.202874466796615,-10.202570710271374,10.202570710271374,-10.202259328043482,0.00031138222789195424,3.052090893592968e-05,1.3169343196828376,0.2048405606565927,0.0011131435454679662,0.1,0.0018028981236306045,10.185520851784611,0.017049858486761837,-8.468558464438116,1.734316002358499,2.441424212052302,63.46818682968101
3445.0,-10.202865091847688,10.202865091847688,-10.202570710271374,10.202570710271374,-10.202259481219992,0.00031122905138225576,3.0505894498680093e-05,1.1218834929731016,0.18811432214265672,0.0011119316307907376,0.1,0.0018391742741648784,10.185533229178974,0.017037481092399637,-8.94424252004216,1.2586225718055282,2.441528303835576,63.46818682968101
3450.0,-10.202782684365529,10.202782684365529,-10.202570710271374,10.202570710271374,-10.202259725010371,0.0003109852610023722,3.0481998045982513e-05,2.295357853751489,0.3198699529117328,0.0011107227903674546,0.1,0.00249231348146419,10.185545579656198,0.017025130615174973,-4.934115007586885,5.268667676778644,2.4418008841456698,63.46818682968101
3455.0,-10.203093698069793,10.203093698069793,-10.202570710271374,10.202570710271374,-10.202259725010371,0.0003109852610023722,3.0481998045982513e-05,2.192462048179602,0.20004043183757625,0.0011095170119611718,0.1,0.004110862603254322,10.185557903313706,0.01701280695766784,-5.3962038653618976,4.8068898327078955,2.4414017327505424,63.46818682968101
3460.0,-10.202785811400535,10.202785811400535,-10.202570710271374,10.202570710271374,-10.202259742903415,0.0003109673679588809,3.048024416112191e-05,1.4215078139431216,0.24890372994399618,0.0011083142834012688,0.1,0.003948540752802579,10.185570200248423,0.017000510022951148,-8.182101346299184,2.0206844651013505,2.44172875055928,63.46818682968101
3465.0,-10.202976466716066,10.202976466716066,-10.202570710271374,10.202570710271374,-10.202259742903415,0.0003109673679588809,3.048024416112191e-05,2.1924353129235463,0.2561161171095707,0.0011071145925829948,0.1,0.006202375446111202,10.185582470556787,0.01698823971458752,-5.3962038653618976,4.806772601354169,2.441823265500965,63.46818682968101
3470.0,-10.203039536824583,10.203039536824583,-10.202570710271374,10.202570710271374,-10.202260238679411,0.0003104715919626244,3.0431647958316746e-05,1.7553701032597129,0.1678915229616176,0.001105917927467019,0.1,0.00126158930407532,10.185594714334748,0.0169759959366261,-7.1217153374065685,3.081324199418015,2.4417570211481023,63.46818682968101
3475.0,-10.20288666348466,10.20288666348466,-10.202570710271374,10.202570710271374,-10.202260540768672,0.000310169502702351,3.040203702531418e-05,2.054364274542697,0.2851721179874149,0.0011047242760789822,0.1,0.0024014022959019713,10.185606931677775,0.01696377859359942,-5.982474090967319,4.220412572517342,2.441904049381679,63.46818682968101
3480.0,-10.203012945856516,10.203012945856516,-10.202570710271374,10.202570710271374,-10.202260540768672,0.000310169502702351,3.040203702531418e-05,1.5711800027953657,0.16813872794123338,0.0011035336265090546,0.1,0.0030434669308978955,10.185619122680853,0.016951587590520262,-7.734406344672468,2.4686066011840477,2.441752406081571,63.46818682968101
3485.0,-10.202718700446386,10.202718700446386,-10.202570710271374,10.202570710271374,-10.202260540768672,0.000310169502702351,3.040203702531418e-05,1.6983963856065494,0.21201313901544364,0.001102345966911494,0.1,0.003057139148335586,10.185631287438495,0.016939422832878557,-7.318168417804998,2.8845502826413885,2.4418531206864786,63.46818682968101
3490.0,-10.202839178161845,10.202839178161845,-10.202557202120131,10.202557202120131,-10.202260540768672,0.0002966613514594485,2.9078001906928078e-05,2.1475271076799016,0.14795114020099256,0.001101161285504212,0.1,0.00452705566288161,10.185629917893493,0.016927284226638313,-5.590966499941842,4.611872678220004,2.4419357775384958,63.46818682968101
3495.0,-10.202770324846712,10.202770324846712,-10.202557202120131,10.202557202120131,-10.202260540768672,0.0002966613514594485,2.9078001906928078e-05,1.421502366704864,0.1715154464951134,0.0010999795705683396,0.1,0.0018994207439911373,10.185642030441896,0.016915171678234565,-8.182101346299184,2.020668978547528,2.4417166990765757,63.46818682968101
3500.0,-10.20271770700143,10.20271770700143,-10.202557202120131,10.202557202120131,-10.202260540768672,0.0002966613514594485,2.9078001906928078e-05,1.595924697328707,0.15707356388541793,0.001098800810447798,0.1,0.002296071372723771,10.18565411702556,0.016903085094570332,-7.655742067457703,2.546975639543727,2.4418647929295845,63.46818682968101
3505.0,-10.202743923239478,10.202743923239478,-10.202557202120131,10.202557202120131,-10.202260614487855,0.0002965876322758021,2.907077592731055e-05,1.9073438480669118,0.17043873374886728,0.0010976249935488753,0.1,0.002532917205567223,10.185666177737117,0.01689102438301362,-6.564783368480785,3.637960554758693,2.4418635964844166,63.46818682968101
3510.0,-10.202771378075802,10.202771378075802,-10.202557202120131,10.202557202120131,-10.20226098036185,0.0002962217582815896,2.9034912834692387e-05,1.8640375999648355,0.1967996734994321,0.001096452108339801,0.1,0.003362496109221322,10.185678212668737,0.016878989451394443,-6.728135203993141,3.4746361740826615,2.441887205447671,63.46818682968101
3515.0,-10.202729514260543,10.202729514260543,-10.202557202120131,10.202557202120131,-10.20226098036185,0.0002962217582815896,2.9034912834692387e-05,1.1218230672518654,0.2941313165112787,0.0010952821433503313,0.1,0.0057392698861834035,10.185690221912129,0.016866980208001862,-8.94424252004216,1.2584869942183836,2.4417709900653572,63.46818682968101
3520.0,-10.202780131727112,10.202780131727112,-10.202557202120131,10.202557202120131,-10.202261007591673,0.00029619452845786043,2.9032243758266636e-05,1.4215058161780165,0.1950663703720748,0.00109411508717133,0.1,0.0019646728253817545,10.18570220555855,0.016854996561581053,-8.182101346299184,2.0206787854279273,2.44188252447789,63.46818682968101
3525.0,-10.202730718861645,10.202730718861645,-10.202557202120131,10.202557202120131,-10.202261372004294,0.00029583011583689256,2.8996523912695543e-05,1.4214884356063056,0.17402342182831204,0.0010929509284543597,0.1,0.0028710842078169046,10.185714163698801,0.016843038421330378,-8.182101346299184,2.0206293725624604,2.441906318320468,63.46818682968101
3530.0,-10.202686027371357,10.202686027371357,-10.202557202120131,10.202557202120131,-10.202261372004294,0.00029583011583689256,2.8996523912695543e-05,1.8602425002260852,0.1977518331467779,0.0010917896559112716,0.1,0.0013643571159135423,10.185726096423233,0.016831105696898524,-6.74218386772396,3.4605021596473966,2.4420053862892726,63.46818682968101
3535.0,-10.202746814573436,10.202746814573436,-10.202557202120131,10.202557202120131,-10.202261372004294,0.00029583011583689256,2.8996523912695543e-05,2.214714946863891,0.22155151925346733,0.0010906312583138017,0.1,0.001991473244388143,10.185738003821749,0.01681919829838161,-5.297784518711107,4.904962295862329,2.4420190461377107,63.46818682968101
3540.0,-10.202820851448474,10.202820851448474,-10.202557202120131,10.202557202120131,-10.202261560425356,0.00029564169477502844,2.8978054818926094e-05,1.1218637757795356,0.144041806471176,0.0010894757244931676,0.1,0.0012490301822432478,10.18574988598381,0.016807316136320357,-8.94424252004216,1.258578331406314,2.4416594958661793,63.46818682968101
3545.0,-10.202712679188226,10.202712679188226,-10.202557202120131,10.202557202120131,-10.202261560425356,0.00029564169477502844,2.8978054818926094e-05,2.7924626011584843,0.18914661751231107,0.0010883230433396708,0.1,0.002070665862493159,10.185761742998434,0.01679545912169726,-2.4048653003194183,7.797847378868807,2.4421346174011114,63.46818682968101
3550.0,-10.202782252687625,10.202782252687625,-10.202557202120131,10.202557202120131,-10.202261606728905,0.0002955953912255893,2.8973516130053876e-05,1.3938207522916817,0.11825067997146936,0.0010871732038023009,0.1,0.0019509793679357472,10.185773574954197,0.01678362716593378,-8.260045963168674,1.942736289518951,2.4417968878198737,63.46818682968101
3555.0,-10.202771581401526,10.202771581401526,-10.202557202120131,10.202557202120131,-10.20226190935522,0.00029529276491047085,2.8943852601911222e-05,2.0662152768495328,0.22205223935996757,0.0010860261948883443,0.1,0.002797113714540463,10.185785381939244,0.01677182018088759,-5.93352601111514,4.269245570286386,2.441953018336605,63.46818682968101
3560.0,-10.202957128051427,10.202957128051427,-10.202557202120131,10.202557202120131,-10.202261929571536,0.0002952725485947383,2.894187099224366e-05,1.864362387844208,0.1366402132068581,0.001084882005662994,0.1,0.0021715053506697344,10.185797164041281,0.016760038078849772,-6.727110014843269,3.4758471132081574,2.44181387328948,63.46818682968101
3565.0,-10.202745928410776,10.202745928410776,-10.202557202120131,10.202557202120131,-10.202261929571536,0.0002952725485947383,2.894187099224366e-05,2.1855876929790683,0.2680076562794711,0.0010837406252489645,0.1,0.0039808100188113305,10.185808921347588,0.016748280772542135,-5.425952364709209,4.776793563701567,2.4418798517589946,63.46818682968101
3570.0,-10.202804996791096,10.202804996791096,-10.202557202120131,10.202557202120131,-10.202261929571536,0.0002952725485947383,2.894187099224366e-05,1.5916881654537023,0.26528237679350597,0.0010826020428261092,0.1,0.0044019530145764174,10.185820653945017,0.01673654817511446,-7.669333780745723,2.533471216045373,2.441985858871014,63.46818682968101
3575.0,-10.202829815992148,10.202829815992148,-10.202557202120131,10.202557202120131,-10.202261929571536,0.0002952725485947383,2.894187099224366e-05,2.029919842557918,0.2774776479819793,0.00108146624763104,0.1,0.0015005986586340396,10.185832361919989,0.016724840200141814,-6.082255248781787,4.120574567210361,2.44181926766597,63.46818682968101
3580.0,-10.202831109524737,10.202831109524737,-10.202557202120131,10.202557202120131,-10.202261929571536,0.0002952725485947383,2.894187099224366e-05,1.5525870934716177,0.278090596827011,0.0010803332289567515,0.1,0.0019505074577683848,10.18584404535851,0.01671315676162189,-7.792304426710091,2.4105266828146465,2.4418797191414927,63.46818682968101
3585.0,-10.202861704918073,10.202861704918073,-10.202557202120131,10.202557202120131,-10.202262411559614,0.0002947905605168444,2.8894626370601255e-05,1.7226895455307338,0.2800611794461195,0.0010792029761522467,0.1,0.002072523475062046,10.185855704346158,0.016701497773972333,-7.235202434637187,2.967659270280886,2.441820947778094,63.46818682968101
3590.0,-10.202916277682421,10.202916277682421,-10.202557202120131,10.202557202120131,-10.202262411559614,0.0002947905605168444,2.8894626370601255e-05,2.177574531136262,0.2071945515311025,0.0010780754786221675,0.1,0.004856044251590345,10.185867338968103,0.016689863152028125,-5.461085439029111,4.741830838653311,2.442178505513175,63.46818682968101
3595.0,-10.202898751110926,10.202898751110926,-10.202557202120131,10.202557202120131,-10.202262411559614,0.0002947905605168444,2.8894626370601255e-05,1.7938738425636227,0.25203917013713,0.0010769507258264254,0.1,0.0033241672833437172,10.185878949309092,0.016678252811038963,-6.9849153880769475,3.2179833630339783,2.441895192620392,63.46818682968101
3600.0,-10.20293131339761,10.20293131339761,-10.202557202120131,10.202557202120131,-10.202262516983076,0.0002946851370548842,2.8884292730591872e-05,2.0887722049858852,0.1569746213917757,0.001075828707279838,0.1,0.0033807819578286235,10.185890535453463,0.016666666666666666,-5.839961989076014,4.362969324321596,2.441944269965193,63.46818682968101
3605.0,-10.202916184403072,10.202916184403072,-10.202557202120131,10.202557202120131,-10.20226254458021,0.00029465753992141686,2.8881587651157733e-05,1.421553670497139,0.23078068057883372,0.0010747094125517676,0.1,0.0024823134541305833,10.185902097485148,0.01665510463498261,-8.182101346299184,2.020814838103888,2.44169984770595,63.46818682968101
3610.0,-10.202845355955924,10.202845355955924,-10.202557202120131,10.202557202120131,-10.202262585469837,0.0002946166502937331,2.8877579637415822e-05,1.98266775592525,0.23271116525226432,0.0010735928312657608,0.1,0.0062552144623198806,10.185913635487665,0.016643566632465155,-6.271873925570258,3.930971430385666,2.442083364926016,63.46818682968101
3615.0,-10.202864073092353,10.202864073092353,-10.202557202120131,10.202557202120131,-10.202262837217495,0.00029436490263634596,2.8852903256178933e-05,2.1458975678860956,0.20797512163917506,0.0010724789530991937,0.1,0.004065741252593501,10.185925149544135,0.01663205257599714,-5.5979877012328885,4.604876371859465,2.441839287822909,63.46818682968101
3620.0,-10.202779100335647,10.202779100335647,-10.202557202120131,10.202557202120131,-10.202262976320272,0.0002942257998590492,2.8839268360554437e-05,2.46303253823195,0.2654535903954333,0.0010713677677829183,0.1,0.002661137552474315,10.185936639737267,0.01662056238286334,-4.136249815946325,6.066529284389322,2.4420044039549276,63.46818682968101
3625.0,-10.202768161231946,10.202768161231946,-10.202557202120131,10.202557202120131,-10.202262976320272,0.0002942257998590492,2.8839268360554437e-05,1.5223339370047178,0.25607066809048273,0.0010702592651009122,0.1,0.0036962941128024234,10.185948106149382,0.016609095970747993,-7.885267545475663,2.317500615756283,2.4417996496470122,63.46818682968101
3630.0,-10.202941017224529,10.202941017224529,-10.202557202120131,10.202557202120131,-10.202263164913429,0.0002940372067019581,2.882078240376905e-05,3.195304946652835,0.2118463556359751,0.00106915343488993,0.1,0.0038173626390659017,10.1859595488624,0.016597653257732305,0.007032684879550999,10.20997370210408,2.4419528099389556,63.46818682968101
3635.0,-10.203107971851951,10.203107971851951,-10.202557202120131,10.202557202120131,-10.202263190351971,0.0002940117681600185,2.8818288910450594e-05,1.121991734287642,0.16599638560519495,0.0010680502670391602,0.1,0.001332698465477481,10.18597096795784,0.016586234162292005,-8.94424252004216,1.2588654518097915,2.4414305997227213,63.46818682968101
3640.0,-10.20285146434536,10.20285146434536,-10.202557202120131,10.202557202120131,-10.202263286750583,0.0002939153695482588,2.880883989045442e-05,2.8285683528627357,0.2558268519462148,0.0010669497514898814,0.1,0.002890971232658081,10.185982363516835,0.016574838603294898,-2.2020525375287496,8.00079892681661,2.441906377105276,63.46818682968101
3645.0,-10.202754262486923,10.202754262486923,-10.202557202120131,10.202557202120131,-10.202263287546986,0.0002939145731453152,2.880876182680672e-05,2.1923846371303153,0.1476301250703802,0.0010658518782351242,0.1,0.0030409587095015316,10.185993735620132,0.01656346649999844,-5.3962038653618976,4.806550397125026,2.441776968805461,63.46818682968101
3650.0,-10.202837774146202,10.202837774146202,-10.202557202120131,10.202557202120131,-10.202263408962915,0.00029379315721556054,2.8796860602271524e-05,1.72268259975801,0.1564222968638958,0.0010647566373193325,0.1,0.002159742959478496,10.186005084348084,0.016552117772047358,-7.235202434637187,2.967635339509015,2.4417574731347695,63.46818682968101
3655.0,-10.20284178770476,10.20284178770476,-10.202557202120131,10.202557202120131,-10.202263770699489,0.00029343142064242045,2.8761403080475557e-05,1.686489311459355,0.24628332441727502,0.0010636640188380318,0.1,0.0020848067261106454,10.18601640978066,0.016540792339471234,-7.358595590038115,2.844246197666645,2.4417118264286306,63.46818682968101
3660.0,-10.202707145779806,10.202707145779806,-10.202557202120131,10.202557202120131,-10.202263770699489,0.00029343142064242045,2.8761403080475557e-05,1.852702404530538,0.23416824098026925,0.0010625740129374954,0.1,0.003227990374595594,10.186027711997449,0.016529490122682157,-6.77020094602657,3.4325061997532362,2.441816214009688,63.46818682968101
3665.0,-10.202842601396263,10.202842601396263,-10.202557202120131,10.202557202120131,-10.202263855984807,0.0002933461353240574,2.87530433896763e-05,1.9073697158431238,0.3075947263640807,0.0010614866098144172,0.1,0.002775742778532405,10.186038991077659,0.016518211042472374,-6.564783368480785,3.638059232915478,2.441823764114733,63.46818682968101
3670.0,-10.202802232730694,10.202802232730694,-10.202557202120131,10.202557202120131,-10.202263965346912,0.00029323677321890784,2.8742323685695462e-05,2.1467079195030383,0.14987087714572153,0.0010604017997155846,0.1,0.0017742256553264365,10.18605024710012,0.016506955020011944,-5.594447341073632,4.608354891657061,2.441882019858069,63.46818682968101
3675.0,-10.20285208201702,10.20285208201702,-10.202557202120131,10.202557202120131,-10.202263965346912,0.00029323677321890784,2.8742323685695462e-05,1.7226867525408782,0.1962590920451173,0.0010593195729375541,0.1,0.004610568641765895,10.186061480143284,0.016495721976846452,-7.235202434637187,2.967649647379834,2.441762060630273,63.46818682968101
3680.0,-10.202785886618562,10.202785886618562,-10.202557202120131,10.202557202120131,-10.202264319341428,0.0002928827787034294,2.870762504635201e-05,1.5787153711683815,0.2291866992452007,0.0010582399198263315,0.1,0.002436143255920574,10.186072690285236,0.016484511834894675,-7.710443663455244,2.492342223163318,2.4416297357164574,63.46818682968101
3685.0,-10.203119487555739,10.203119487555739,-10.202557202120131,10.202557202120131,-10.202264319341428,0.0002928827787034294,2.870762504635201e-05,2.2888758381629097,0.1581114220357063,0.0010571628307770517,0.1,0.007005951745469866,10.186083877603684,0.016473324516446338,-4.964166885029779,5.23895260252596,2.441937548391098,63.46818682968101
3690.0,-10.202870474838072,10.202870474838072,-10.202557202120131,10.202557202120131,-10.202264319341428,0.0002928827787034294,2.870762504635201e-05,1.1400758823600503,0.235580845616457,0.0010560882962336638,0.1,0.003159652056710391,10.186095042175971,0.016462159944159827,-8.903097457299026,1.2997730175390458,2.441639543425631,63.46818682968101
3695.0,-10.202826614681955,10.202826614681955,-10.202557202120131,10.202557202120131,-10.202264319341428,0.0002928827787034294,2.870762504635201e-05,2.26740269028377,0.28533603845503563,0.0010550163066886157,0.1,0.003958064303771959,10.18610618407907,0.016451018041059955,-5.061711654775876,5.141114959906079,2.441808252298511,63.46818682968101
3700.0,-10.202778022590552,10.202778022590552,-10.202557202120131,10.202557202120131,-10.202264484287694,0.0002927178324370061,2.8691456968971452e-05,1.6864704066637046,0.3008472455818262,0.0010539468526825444,0.1,0.005186380081603771,10.186117303389596,0.016439898730535727,-7.358595590038115,2.8441824325524374,2.4418197522440135,63.46818682968101
3705.0,-10.202750935320783,10.202750935320783,-10.202557202120131,10.202557202120131,-10.202264484287694,0.0002927178324370061,2.8691456968971452e-05,1.1400234550314128,0.2226942935375659,0.0010528799248039659,0.1,0.003637700805239575,10.186128400183792,0.01642880193633814,-8.903097457299026,1.2996534780217566,2.4417538010808384,63.46818682968101
3710.0,-10.202760493821973,10.202760493821973,-10.202557202120131,10.202557202120131,-10.20226448920013,0.00029271292000032645,2.8690975450615424e-05,2.049541316251249,0.2347304348171037,0.0010518155136889692,0.1,0.0036417672947746003,10.186139474537553,0.01641772758257796,-6.002140886801072,4.200619607020901,2.4420110399707657,63.46818682968101
3715.0,-10.202866561283201,10.202866561283201,-10.202557202120131,10.202557202120131,-10.202264873477947,0.00029232864218364796,2.8653308437775668e-05,1.4215362165572907,0.16523967274262788,0.0010507536100209114,0.1,0.0028853220072277497,10.186150526526408,0.016406675593723583,-8.182101346299184,2.020765214984017,2.4417850488310693,63.46818682968101
3720.0,-10.202952519977732,10.202952519977732,-10.202557202120131,10.202557202120131,-10.202264988850592,0.00029221326953887683,2.8641999581290836e-05,2.463067742477135,0.219714847822809,0.0010496942045301167,0.1,0.0045808646331126765,10.186161556225532,0.016395645894598822,-4.136249815946325,6.066702704031407,2.44177782447066,63.46818682968101
3725.0,-10.20302954855772,10.20302954855772,-10.202557202120131,10.202557202120131,-10.202264988850592,0.00029221326953887683,2.8641999581290836e-05,1.7570673402969177,0.22860322684801881,0.001048637287993577,0.1,0.005334900419752672,10.18617256370975,0.01638463841038081,-7.115743910219636,3.0872856383380833,2.4419892214045342,63.46818682968101
3730.0,-10.20285789872293,10.20285789872293,-10.202557202120131,10.202557202120131,-10.20226508562013,0.00029211650000071643,2.863251420632544e-05,1.7938624558884055,0.320580710842304,0.0010475828512346538,0.1,0.005409278629659667,10.186183549053533,0.016373653066597823,-6.9849153880769475,3.217942510645983,2.4418813202837035,63.46818682968101
3735.0,-10.203006011201264,10.203006011201264,-10.202557202120131,10.202557202120131,-10.202265457376857,0.0002917447432739806,2.8596074518236676e-05,1.121946296022722,0.22075818579176526,0.0010465308851227836,0.1,0.0034065956050670114,10.186194512331003,0.016362689789127197,-8.94424252004216,1.2587634911591046,2.4416164887831786,63.46818682968101
3740.0,-10.202779480448342,10.202779480448342,-10.202557202120131,10.202557202120131,-10.202265457376857,0.0002917447432739806,2.8596074518236676e-05,2.010041817052634,0.24488739513070532,0.001045481380573186,0.1,0.006192446358367329,10.186205453615937,0.016351748504193214,-6.16251137414809,4.040268106300252,2.441995629044373,63.46818682968101
3745.0,-10.202758418918533,10.202758418918533,-10.202557202120131,10.202557202120131,-10.202265457376857,0.0002917447432739806,2.8596074518236676e-05,1.1218359500730821,0.16357962462334039,0.0010444343285465724,0.1,0.0017211244222730543,10.186216372981766,0.01634082913836501,-8.94424252004216,1.2585158988763734,2.441993375569253,63.46818682968101
3750.0,-10.202765330790024,10.202765330790024,-10.202557202120131,10.202557202120131,-10.202265457376857,0.0002917447432739806,2.8596074518236676e-05,1.8602638154482458,0.23006024335289105,0.0010433897200488582,0.1,0.0038998540472489312,10.186227270501577,0.01632993161855452,-6.74218386772396,3.460581463066064,2.4418707053206337,63.46818682968101
3755.0,-10.202690867511103,10.202690867511103,-10.202557202120131,10.202557202120131,-10.202265482520799,0.000291719599331941,2.859360990279409e-05,1.9305815680665503,0.2860435535743932,0.001042347546130877,0.1,0.002417932256187306,10.186238146248117,0.016319055872014415,-6.475545676552805,3.727145190958298,2.441870874473658,63.46818682968101
3760.0,-10.20306349391336,10.20306349391336,-10.202557202120131,10.202557202120131,-10.202265641926262,0.00029156019386888943,2.8577984940004045e-05,2.0015525024872005,0.19440456092044275,0.0010413077978880965,0.1,0.005415716616615936,10.186249000293795,0.016308201826336056,-6.196851073700588,4.006212420212772,2.4417465493995,63.46818682968101
3765.0,-10.20295293028473,10.20295293028473,-10.202557202120131,10.202557202120131,-10.202265641926262,0.00029156019386888943,2.8577984940004045e-05,1.8128944626930323,0.22114324271138622,0.0010402704664603372,0.1,0.003796024045188646,10.186259832710684,0.016297369409447485,-6.916366597421674,3.286586332863057,2.4418076922814853,63.46818682968101
3770.0,-10.202902406572665,10.202902406572665,-10.202557202120131,10.202557202120131,-10.202265641926262,0.00029156019386888943,2.8577984940004045e-05,2.0495759365711717,0.21258910081539723,0.0010392355430314923,0.1,0.003205936484328777,10.18627064357052,0.016286558549611408,-6.002140886801072,4.200761519771593,2.4421981602263383,63.46818682968101
3775.0,-10.202950997851795,10.202950997851795,-10.202557202120131,10.202557202120131,-10.202265902290392,0.0002912998297386338,2.855246398481316e-05,1.4215659153034763,0.1138998614203368,0.0010382030188292517,0.1,0.001145749277757187,10.186281432944707,0.01627576917542319,-8.182101346299184,2.020849651552611,2.4418015554073764,63.46818682968101
3780.0,-10.202936056416545,10.202936056416545,-10.202557202120131,10.202557202120131,-10.202265902290392,0.0002912998297386338,2.855246398481316e-05,2.345586214396064,0.2325375775681197,0.0010371728851248253,0.1,0.003212182744150162,10.186292200904322,0.016265001215808886,-4.7011613672516885,5.501774689164857,2.442067344873931,63.46818682968101
3785.0,-10.20273646079922,10.20273646079922,-10.202557202120131,10.202557202120131,-10.202266092174403,0.0002911099457278965,2.853385150885164e-05,1.3938043254454866,0.2117442687899182,0.0010361451332326706,0.1,0.0021145296698509126,10.186302947520108,0.016254254600023277,-8.260045963168674,1.9426904976305472,2.441681585619057,63.46818682968101
3790.0,-10.202729079314969,10.202729079314969,-10.202557202120131,10.202557202120131,-10.202266092174403,0.0002911099457278965,2.853385150885164e-05,1.9655540697786547,0.21028084830149282,0.0010351197545102218,0.1,0.005268588568525825,10.186313672862482,0.0162435292576479,-6.339326278091535,3.863402801223433,2.4418828837226174,63.46818682968101
3795.0,-10.202798254618827,10.202798254618827,-10.202557202120131,10.202557202120131,-10.202266278041392,0.0002909240787385414,2.8515632782953823e-05,1.7763760061492568,0.18433954049342494,0.0010340967403576207,0.1,0.0021545946945942356,10.186324377001542,0.016232825118589134,-7.04728653939604,3.1555117152227865,2.4419415403988025,63.46818682968101
3800.0,-10.202683814991238,10.202683814991238,-10.202557202120131,10.202557202120131,-10.202266282055753,0.0002909200643781418,2.8515239294413075e-05,1.114251479622617,0.21530361041474175,0.001033076082217449,0.1,0.0017923095931586118,10.186335060007055,0.016222142113076255,-8.961127455150047,1.2415563598411907,2.4419435055768175,63.46818682968101
3805.0,-10.202717444596214,10.202717444596214,-10.202557202120131,10.202557202120131,-10.202266346744151,0.00029085537597950406,2.850889852256452e-05,1.4214837664556819,0.21136796579308934,0.0010320577715744645,0.1,0.0052968743617032715,10.186345721948472,0.016211480171659538,-8.182101346299184,2.0206160982970296,2.4419370094232957,63.46818682968101
3810.0,-10.202955403341585,10.202955403341585,-10.202557202120131,10.202557202120131,-10.202266463532421,0.00029073858770978234,2.8497450909463635e-05,1.7235731483101355,0.21996833030093452,0.0010310417999553373,0.1,0.001697406152428678,10.186356362894923,0.01620083922520836,-7.232251005765872,2.9707043975757133,2.441775932840683,63.46818682968101
3815.0,-10.202794259259736,10.202794259259736,-10.202557202120131,10.202557202120131,-10.202266620015951,0.0002905821041796486,2.848211235820401e-05,1.722669969733771,0.2587545891608191,0.0010300281589283892,0.1,0.003840494422086622,10.18636698291522,0.016190219204909317,-7.235202434637187,2.9675918246225494,2.441831963378876,63.46818682968101
3820.0,-10.202828016522634,10.202828016522634,-10.202557202120131,10.202557202120131,-10.202266620015951,0.0002905821041796486,2.848211235820401e-05,1.1400572613792737,0.2284378429281505,0.001029016840103335,0.1,0.003415240876736962,10.186377582077867,0.01617962004226434,-8.903097457299026,1.2997305592236081,2.441824378085808,63.46818682968101
3825.0,-10.202818328034462,10.202818328034462,-10.202557202120131,10.202557202120131,-10.202266622081398,0.00029058003873316807,2.8481909902672773e-05,1.1400530122478674,0.22363640808974558,0.0010280078351310243,0.1,0.0051645315748842045,10.186388160451042,0.016169041669088866,-8.903097457299026,1.2997208707354364,2.4419069205633903,63.46818682968101
3830.0,-10.202990893276343,10.202990893276343,-10.202557202120131,10.202557202120131,-10.202266622081398,0.00029058003873316807,2.8481909902672773e-05,2.3446746893960095,0.18637644724448707,0.001027001135703188,0.1,0.0030851168946797645,10.186398718102621,0.016158484017509977,-4.705491494182069,5.497499399094274,2.4420009807986665,63.46818682968101
3835.0,-10.203152938322791,10.203152938322791,-10.202557202120131,10.202557202120131,-10.202266622081398,0.00029058003873316807,2.8481909902672773e-05,1.1401997548779632,0.20242813759459768,0.0010259967335521838,0.1,0.001728255045614482,10.186409255100166,0.016147947019964574,-8.903097457299026,1.3000554810237652,2.4417505653935643,63.46818682968101
3840.0,-10.20300043875134,10.20300043875134,-10.202557202120131,10.202557202120131,-10.202266911773544,0.00029029034658734076,2.8453514213820663e-05,1.1143935496947626,0.2681278963686012,0.001024994620450745,0.1,0.0073562612396127335,10.186419771510934,0.01613743060919757,-8.961127455150047,1.2418729836012936,2.441917292508962,63.46818682968101
3845.0,-10.203067052489363,10.203067052489363,-10.202557202120131,10.202557202120131,-10.202267177070507,0.0002900250496242762,2.8427509747647525e-05,1.1401620916301067,0.3175268330019701,0.0010239947882117323,0.1,0.010892963212398072,10.186430267401871,0.016126934718260072,-8.903097457299026,1.299969595190337,2.4418828758476336,63.46818682968101
3850.0,-10.203208650712458,10.203208650712458,-10.202557202120131,10.202557202120131,-10.202267177070507,0.0002900250496242762,2.8427509747647525e-05,1.1220365995235173,0.24671987788312072,0.0010229972286878843,0.1,0.0036099071567590067,10.186440742839624,0.016116459280507606,-8.94424252004216,1.2589661306702986,2.4416836201003354,63.46818682968101
3855.0,-10.203157529358185,10.203157529358185,-10.202557202120131,10.202557202120131,-10.202267177070507,0.0002900250496242762,2.8427509747647525e-05,2.5917052581474485,0.2899793006195084,0.0010220019337715735,0.1,0.004886247457116253,10.186451197890532,0.016106004229598327,-3.4862213842490553,6.71693614510913,2.4421238575589066,63.46818682968101
3860.0,-10.203047982504174,10.203047982504174,-10.202557202120131,10.202557202120131,-10.202267177070507,0.0002900250496242762,2.8427509747647525e-05,1.1219650005512705,0.21227154571085924,0.0010210088953945616,0.1,0.004037072045976545,10.18646163262064,0.01609556949949126,-8.94424252004216,1.2588054624620142,2.4416496816722306,63.46818682968101
3865.0,-10.202943899663659,10.202943899663659,-10.202557202120131,10.202557202120131,-10.20226742669741,0.0002897754227202398,2.840304126531247e-05,1.140108083632702,0.3020728817644503,0.001020018105527757,0.1,0.004645209033641276,10.186472047095686,0.016085155024444558,-8.903097457299026,1.2998464423646325,2.441647981248516,63.46818682968101
3870.0,-10.202709590655465,10.202709590655465,-10.202557202120131,10.202557202120131,-10.20226742669741,0.0002897754227202398,2.840304126531247e-05,1.6468509540702916,0.20252915939973817,0.0010190295561809757,0.1,0.0034585870623881766,10.186482441381116,0.016074760739013736,-7.490591525733238,2.712118064922227,2.4417728799283247,63.46818682968101
3875.0,-10.20270461564309,10.20270461564309,-10.202557202120131,10.202557202120131,-10.20226745644145,0.00028974567868012,2.8400125748240606e-05,2.3196697784656224,0.20861949481537437,0.0010180432394027018,0.1,0.003223963300979357,10.186492815542081,0.016064386578049976,-4.821836734516338,5.380867881126751,2.441846028603382,63.46818682968101
3880.0,-10.202917437030658,10.202917437030658,-10.202557202120131,10.202557202120131,-10.202267689533377,0.000289512586753915,2.8377278029170836e-05,1.8603046979746891,0.14580711484066453,0.0010170591472798511,0.1,0.0023138590432837795,10.186503169643432,0.01605403247669839,-6.74218386772396,3.460733569306698,2.4415889448761594,63.46818682968101
3885.0,-10.202816399178765,10.202816399178765,-10.202557202120131,10.202557202120131,-10.202267689533377,0.000289512586753915,2.8377278029170836e-05,1.595955617089981,0.23673524621253672,0.0010160772719375359,0.1,0.006561092624016541,10.186513503749735,0.016043698370396316,-7.655742067457703,2.5470743317210625,2.4416977902975687,63.46818682968101
3890.0,-10.202806531558878,10.202806531558878,-10.202557202120131,10.202557202120131,-10.202267689533377,0.000289512586753915,2.8377278029170836e-05,1.9655737720745416,0.2873446504844713,0.0010150976055388326,0.1,0.006327937741975729,10.18652381792526,0.016033384194871644,-6.339326278091535,3.8634802534673423,2.441894540257553,63.46818682968101
3895.0,-10.203008553450204,10.203008553450204,-10.202557202120131,10.202557202120131,-10.20226779187064,0.000289410249491695,2.836724690978045e-05,1.1219474289858875,0.21424635854695276,0.0010141201402845488,0.1,0.0022961025805580035,10.18653411223399,0.01602308988614113,-8.94424252004216,1.258766033408044,2.4415732829934598,63.46818682968101
3900.0,-10.203081603272139,10.203081603272139,-10.202557202120131,10.202557202120131,-10.202268002898574,0.0002891992215570127,2.8346561909062583e-05,2.6476627104007653,0.21099183589000647,0.0010131448684129946,0.1,0.0024622525861288398,10.186544386739623,0.016012815380508715,-3.1929637752254107,7.010117828046728,2.4418151231665206,63.46818682968101
3905.0,-10.203168957129678,10.203168957129678,-10.202557202120131,10.202557202120131,-10.202268002898574,0.0002891992215570127,2.8346561909062583e-05,2.0677950573842248,0.26206213884306034,0.0010121717821997543,0.1,0.005273468097553716,10.186554641505568,0.016002560614563885,-5.9273925577870505,4.275776399342628,2.441489915826867,63.46818682968101
3910.0,-10.203046813830888,10.203046813830888,-10.202557202120131,10.202557202120131,-10.202268029050039,0.0002891730700920192,2.834399853724926e-05,1.7235996658345623,0.2907353663719855,0.0010112008739574592,0.1,0.0031874563166391693,10.18656487659495,0.015992325525180033,-7.232251005765872,2.9707958080650156,2.4415972132426678,63.46818682968101
3915.0,-10.20293230494311,10.20293230494311,-10.202557202120131,10.202557202120131,-10.202268329855533,0.0002888722645977282,2.8314513523662507e-05,1.1401029986997167,0.21338213425738592,0.0010102321360355641,0.1,0.005163467762986702,10.186575092070617,0.015982110049512804,-8.903097457299026,1.2998348476440835,2.441682307852705,63.46818682968101
3920.0,-10.202809263192172,10.202809263192172,-10.202557202120131,10.202557202120131,-10.202268329855533,0.0002888722645977282,2.8314513523662507e-05,1.821906080238961,0.22107981799204915,0.0010092655608201228,0.1,0.0029957924788636863,10.186585287995133,0.015971914124998498,-6.883467497980477,3.3193417652116954,2.441841902608657,63.46818682968101
3925.0,-10.202806836271481,10.202806836271481,-10.202557202120131,10.202557202120131,-10.202268555145743,0.00028864697438812925,2.8292430534240708e-05,1.6864789492411014,0.18231290134388412,0.0010083011407335679,0.1,0.0019415567556878856,10.186595464430779,0.015961737689352443,-7.358595590038115,2.8442112462333666,2.4417201517385347,63.46818682968101
3930.0,-10.20264183858318,10.20264183858318,-10.202557202120131,10.202557202120131,-10.202268555145743,0.00028864697438812925,2.8292430534240708e-05,1.5950599668449414,0.21127940079028865,0.0010073388682344895,0.1,0.0041465358412889185,10.186605621439563,0.015951580680567408,-7.658425540751798,2.5442162978313814,2.441844687154202,63.46818682968101
3935.0,-10.202723175720351,10.202723175720351,-10.202557202120131,10.202557202120131,-10.202268555145743,0.00028864697438812925,2.8292430534240708e-05,1.8218824544245098,0.20936662439771514,0.0010063787358174181,0.1,0.003629623906803922,10.18661575908322,0.015941443036912015,-6.883467497980477,3.319255677739874,2.441792145193633,63.46818682968101
3940.0,-10.202744095744855,10.202744095744855,-10.202557202120131,10.202557202120131,-10.202268577097087,0.0002886250230442755,2.8290278859371072e-05,1.7588811610174135,0.2497153922173451,0.0010054207360126078,0.1,0.0019534801884687142,10.186625877423202,0.015931324696929153,-7.1090811571628905,3.0936629385819643,2.4417685241827063,63.46818682968101
3945.0,-10.202756534279061,10.202756534279061,-10.202557202120131,10.202557202120131,-10.20226880459525,0.00028839752488174497,2.826797944706638e-05,2.3613671740700224,0.28389466595787394,0.0010044648613858206,0.1,0.003611180478972981,10.186635976520696,0.01592122559943443,-4.6267016035036175,5.5760549307754435,2.4419836460661966,63.46818682968101
3950.0,-10.202864144355967,10.202864144355967,-10.202557202120131,10.202557202120131,-10.20226880459525,0.00028839752488174497,2.826797944706638e-05,1.5917067454811662,0.2484983360639828,0.001003511104538113,0.1,0.0030820828692948686,10.186646056436617,0.0159111456835146,-7.669333780745723,2.533530363610244,2.441971554505038,63.46818682968101
3955.0,-10.202974959477377,10.202974959477377,-10.202557202120131,10.202557202120131,-10.202269020183545,0.00028818193658608493,2.8246847443050504e-05,1.5224018569358473,0.2174702043561038,0.001002559458105625,0.1,0.0022054744795280247,10.186656117231605,0.01590108488852604,-7.885267545475663,2.317707414001714,2.4417564129001925,63.46818682968101
3960.0,-10.202849238969169,10.202849238969169,-10.202557202120131,10.202557202120131,-10.202269186011954,0.0002880161081773025,2.8230592912819172e-05,2.6485706157888114,0.314885547741419,0.0010016099147593677,0.1,0.001923156834819289,10.186666158966037,0.015891043154093204,-3.1879229321492453,7.014926306819923,2.441798568388281,63.46818682968101
3965.0,-10.202762976251782,10.202762976251782,-10.202557202120131,10.202557202120131,-10.202269186011954,0.0002880161081773025,2.8230592912819172e-05,1.1400287360206136,0.2570587181177974,0.0010006624672050167,0.1,0.00218924595808927,10.186676181700024,0.0158810204201071,-8.903097457299026,1.2996655189527555,2.4418396073146185,63.46818682968101
3970.0,-10.202817875027725,10.202817875027725,-10.202557202120131,10.202557202120131,-10.202269186011954,0.0002880161081773025,2.8230592912819172e-05,1.7719857720907233,0.1848119318180545,0.0009997171081827028,0.1,0.004447071202255151,10.186686185493407,0.015871016626723793,-7.062884298535768,3.1399335764919565,2.441771845038131,63.46818682968101
3975.0,-10.20265184653006,10.20265184653006,-10.202557202120131,10.202557202120131,-10.202269186011954,0.0002880161081773025,2.8230592912819172e-05,1.5222957337700183,0.21903807992445126,0.0009987738304668072,0.1,0.0026050820003729065,10.186696170405767,0.015861031714362882,-7.885267545475663,2.317384301054397,2.441950619620855,63.46818682968101
3980.0,-10.202774910922578,10.202774910922578,-10.202557202120131,10.202557202120131,-10.20226942399032,0.00028777812981140016,2.820726623183454e-05,2.3613710651693354,0.21576925215696768,0.0009978326268657565,0.1,0.0023674536091036723,10.186706136496426,0.015851065623706032,-4.6267016035036175,5.576073307418961,2.4419841353786036,63.46818682968101
3985.0,-10.202678363859938,10.202678363859938,-10.202557202120131,10.202557202120131,-10.20226942399032,0.00028777812981140016,2.820726623183454e-05,1.421470019930338,0.22981140064149896,0.0009968934902218204,0.1,0.003670333540289434,10.186716083824436,0.015841118295695487,-8.182101346299184,2.020577017560754,2.4419435319228557,63.46818682968101
3990.0,-10.202707007565357,10.202707007565357,-10.202557202120131,10.202557202120131,-10.202269507980493,0.00028769413963836143,2.8199033500665636e-05,1.1400041887056074,0.14312882938296845,0.0009959564134109096,0.1,0.0014549499157016815,10.186726012448599,0.01583118967153259,-8.903097457299026,1.2996095502663305,2.4418229154146918,63.46818682968101
3995.0,-10.20264411388564,10.20264411388564,-10.202557202120131,10.202557202120131,-10.202269507980493,0.00028769413963836143,2.8199033500665636e-05,1.6864307053204193,0.17524734687759044,0.0009950213893423756,0.1,0.0013452058299730024,10.186735922427454,0.01582127969267633,-7.358595590038115,2.8440485238475253,2.4419181288917873,63.46818682968101
4000.0,-10.202654029569354,10.202654029569354,-10.202557202120131,10.202557202120131,-10.202269746829549,0.0002874552905822725,2.8175621475956557e-05,1.3937747545427424,0.22489463256538877,0.0009940884109588134,0.1,0.0032185009503867498,10.18674581381929,0.015811388300841896,-8.260045963168674,1.9426080664006804,2.441965396793889,63.46818682968101
4005.0,-10.202624471306851,10.202624471306851,-10.202557202120131,10.202557202120131,-10.202269746829549,0.0002874552905822725,2.8175621475956557e-05,1.5950545227530795,0.25172181088003,0.0009931574712358626,0.1,0.00498786298690627,10.186755686682131,0.01580151543799924,-7.658425540751798,2.544198930555053,2.441987463716947,63.46818682968101
4010.0,-10.202670473393518,10.202670473393518,-10.202557202120131,10.202557202120131,-10.202269746829549,0.0002874552905822725,2.8175621475956557e-05,1.966433769411537,0.15015427651583602,0.000992228563182013,0.1,0.003028889075751,10.18676554107376,0.015791661046371634,-6.335808703911453,3.866861769482065,2.442140759743177,63.46818682968101
4015.0,-10.202665604528386,10.202665604528386,-10.202557202120131,10.202557202120131,-10.20226992659797,0.0002872755221616785,2.815800054581313e-05,1.8642842030348048,0.2474015028649585,0.0009913016798384093,0.1,0.0016077134553440205,10.186775377051697,0.01578182506843426,-6.727110014843269,3.4755555896851167,2.442079021847885,63.46818682968101
4020.0,-10.202849671025248,10.202849671025248,-10.202557202120131,10.202557202120131,-10.202269964072492,0.00028723804763863825,2.815432728698153e-05,1.957261237954953,0.23098630363133404,0.000990376814278659,0.1,0.0018202873245288195,10.186785194673218,0.015772007446912796,-6.371978117424294,3.8308715536009545,2.441713032568321,63.46818682968101
4025.0,-10.202790415750409,10.202790415750409,-10.202557202120131,10.202557202120131,-10.202269972573983,0.00028722954614757157,2.8153493969450894e-05,1.7719498902940825,0.28231322532609904,0.000989453959608641,0.1,0.005475951150509326,10.186794993995349,0.015762208124782014,-7.062984002037196,3.1398064137132122,2.4417749060136305,63.46818682968101
4030.0,-10.202896314420421,10.202896314420421,-10.202557202120131,10.202557202120131,-10.202269972573983,0.00028722954614757157,2.8153493969450894e-05,1.8219299702348457,0.2513650430799444,0.0009885331089663134,0.1,0.0023918065101899717,10.186804775074867,0.015752427045264396,-6.883467497980477,3.3194288164399444,2.441875992268249,63.46818682968101
4035.0,-10.2028653984718,10.2028653984718,-10.202557202120131,10.202557202120131,-10.202269972573983,0.00028722954614757157,2.8153493969450894e-05,1.3413509385303097,0.23811661630004619,0.0009876142555215268,0.1,0.0022017190850894,10.186814537968303,0.015742664151828744,-8.403643058175657,1.7992223402961436,2.4419023535545548,63.46818682968101
4040.0,-10.20287698099912,10.20287698099912,-10.202557202120131,10.202557202120131,-10.202270027545994,0.0002871745741366283,2.8148105604072496e-05,2.3613926775306773,0.24254332647931312,0.0009866973924758365,0.1,0.003092764185326006,10.186824282731942,0.015732919388188816,-4.6267016035036175,5.5761753774955025,2.4419045388711065,63.46818682968101
4045.0,-10.20280030523513,10.20280030523513,-10.202557202120131,10.202557202120131,-10.202270452527891,0.0002867495922398433,2.8106448811969426e-05,2.295361692119184,0.1956104777274052,0.000985782513062315,0.1,0.0025623909218414767,10.18683400942183,0.015723192698301948,-4.934115007586885,5.268685297648244,2.4419986981856203,63.46818682968101
4050.0,-10.20270093193574,10.20270093193574,-10.202543254241125,10.202543254241125,-10.202270452527891,0.00027280171323340596,2.673931400885495e-05,2.0037880753962884,0.18359279038015197,0.0009848696105453684,0.1,0.0031548591086250763,10.186829770214757,0.015713484026367724,-6.1875342808353775,4.015166651100362,2.4420131025567144,63.46818682968101
4055.0,-10.202662957725742,10.202662957725742,-10.202543254241125,10.202543254241125,-10.20227047018288,0.00027278405824482377,2.6737583466549088e-05,2.3455279982285555,0.28044569495271027,0.0009839586782205525,0.1,0.003478148297186254,10.186839460924299,0.015703793316826604,-4.7011613672516885,5.501501590474054,2.442153321492857,63.46818682968101
4060.0,-10.202884650945613,10.202884650945613,-10.202543254241125,10.202543254241125,-10.202270634362147,0.0002726198789773093,2.6721490612011558e-05,1.3938574847440257,0.13051919186020758,0.0009830497094143905,0.1,0.0021356365715029823,10.186849133726765,0.015694120514358614,-8.260045963168674,1.9428386877769395,2.4417501187710413,63.46818682968101
4065.0,-10.202650627772048,10.202650627772048,-10.202543254241125,10.202543254241125,-10.202270634362147,0.0002726198789773093,2.6721490612011558e-05,1.9595699188735514,0.23725207102116316,0.000982142697484192,0.1,0.004093957600030198,10.186858788677242,0.015684465563881998,-6.362736360817953,3.8399142669540947,2.4421922973702306,63.46818682968101
4070.0,-10.202755854336225,10.202755854336225,-10.202543254241125,10.202543254241125,-10.202270878355685,0.0002723758854390468,2.6697574362282174e-05,2.306863210257539,0.2128057243953797,0.0009812376358178734,0.1,0.0016663496319071892,10.186868425830573,0.01567482841055192,-4.881137983496505,5.321617870839719,2.4418404042654465,63.46818682968101
4075.0,-10.202814308403232,10.202814308403232,-10.202543254241125,10.202543254241125,-10.202271005469765,0.0002722487713597843,2.668511463906644e-05,2.4630396855221206,0.15698704993190146,0.0009803345178337798,0.1,0.004008644995886297,10.186878045241365,0.015665208999759147,-4.136249815946325,6.066564492456907,2.442016722581191,63.46818682968101
4080.0,-10.202783807974633,10.202783807974633,-10.202543254241125,10.202543254241125,-10.202271005469765,0.0002722487713597843,2.668511463906644e-05,2.1458788658127337,0.1543145501390017,0.0009794333369805067,0.1,0.0015729395991793077,10.186887646963996,0.01565560727712874,-5.5979877012328885,4.604796106741745,2.4418546942348094,63.46818682968101
4085.0,-10.202747177703552,10.202747177703552,-10.202543254241125,10.202543254241125,-10.202271005469765,0.0002722487713597843,2.668511463906644e-05,2.2953501192882686,0.26336944934718376,0.0009785340867367255,0.1,0.0014707216711528275,10.186897231052606,0.015646023188518772,-4.934115007586885,5.268632170116667,2.442031860579227,63.46818682968101
4090.0,-10.20285053000857,10.20285053000857,-10.202543254241125,10.202543254241125,-10.20227101528375,0.00027223895737371606,2.6684152672074887e-05,2.3677787069346397,0.18060948931559234,0.0009776367606110085,0.1,0.0018684316041065162,10.186906797561106,0.015636456680019055,-4.596474524995498,5.606376005013072,2.4419846048159384,63.46818682968101
4095.0,-10.20270501326792,10.20270501326792,-10.202543254241125,10.202543254241125,-10.20227101528375,0.00027223895737371606,2.6684152672074887e-05,2.0298891015240548,0.222342575820885,0.0009767413521416543,0.1,0.0034452929740763777,10.186916346543175,0.015626907697949846,-6.082255248781787,4.120449764486133,2.442030786629664,63.46818682968101
4100.0,-10.202758017643124,10.202758017643124,-10.202543254241125,10.202543254241125,-10.202271410327123,0.00027184391400147945,2.6645430519159568e-05,1.9975335188018313,0.17264123304944817,0.0009758478548965175,0.1,0.0021242159918601583,10.186925878052264,0.015617376188860606,-6.2126178589063015,3.990140158736822,2.44188873827374,63.46818682968101
4105.0,-10.202830251942377,10.202830251942377,-10.202543254241125,10.202543254241125,-10.202271410327123,0.00027184391400147945,2.6645430519159568e-05,1.72604585263287,0.27873800319353365,0.0009749562624728357,0.1,0.005164586979997462,10.186935392141596,0.015607862099528717,-7.2235959665512475,2.9792342853911293,2.4419540260344887,63.46818682968101
4110.0,-10.202687027187777,10.202687027187777,-10.202543254241125,10.202543254241125,-10.202271410327123,0.00027184391400147945,2.6645430519159568e-05,1.6468441035673478,0.2656509531077627,0.0009740665684970617,0.1,0.0031434777765593958,10.186944888864167,0.015598365376958256,-7.490591525733238,2.712095501454539,2.4421271413496024,63.46818682968101
4115.0,-10.203005116321297,10.203005116321297,-10.202543254241125,10.202543254241125,-10.202271410327123,0.00027184391400147945,2.6645430519159568e-05,1.595173838667591,0.19700966987605842,0.0009731787666246924,0.1,0.0028035874571981333,10.186954368272746,0.015588885968378735,-7.658425540751798,2.5445795755694984,2.441772911067056,63.46818682968101
4120.0,-10.202945046109997,10.202945046109997,-10.202543254241125,10.202543254241125,-10.202271430907285,0.00027182333383990454,2.6643413251722453e-05,2.4245808480260362,0.22764469952433444,0.0009722928505401043,0.1,0.0031254313049875453,10.18696383041988,0.015579423821243894,-4.324352757495345,5.878592288614652,2.4419008212530624,63.46818682968101
4125.0,-10.203208869784689,10.203208869784689,-10.202543254241125,10.202543254241125,-10.202271430907285,0.00027182333383990454,2.6643413251722453e-05,2.5098048564144397,0.20693379882859772,0.0009714088139563843,0.1,0.0014912665752494275,10.186973275357895,0.015569978883230457,-3.9040884525031823,6.2991204172815065,2.441827465568098,63.46818682968101
4130.0,-10.203019110819902,10.203019110819902,-10.202543254241125,10.202543254241125,-10.202271430907285,0.00027182333383990454,2.6643413251722453e-05,2.081992784708937,0.23333227523670944,0.0009705266506151665,0.1,0.0044319997768834905,10.186982703138888,0.015560551102236928,-5.868325155239825,4.334693955580077,2.441787107034983,63.46818682968101
4135.0,-10.20288935818614,10.20288935818614,-10.202543254241125,10.202543254241125,-10.202271549206019,0.00027170503510554056,2.6631817609940573e-05,1.6514735271127847,0.21280553761018173,0.0009696463542864677,0.1,0.00421222660038488,10.186992113814743,0.015551140426382372,-7.4755245474317995,2.72736481075434,2.441657787721384,63.46818682968101
4140.0,-10.203078588191037,10.203078588191037,-10.202543254241125,10.202543254241125,-10.202271549206019,0.00027170503510554056,2.6631817609940573e-05,2.4886346388472105,0.20862755461084428,0.0009687679187685245,0.1,0.0016425836884361872,10.187001507437119,0.01554174680400523,-4.009776222520852,6.193302365670185,2.4418785980761393,63.46818682968101
4145.0,-10.202919904051734,10.202919904051734,-10.202543254241125,10.202543254241125,-10.202271554584343,0.0002716996567819763,2.663129042667849e-05,2.30689876686326,0.1854951527033005,0.0009678913378876311,0.1,0.001296343557767624,10.187010884057463,0.015532370183662119,-4.881137983496505,5.321781920555229,2.441796188661153,63.46818682968101
4150.0,-10.202798052110502,10.202798052110502,-10.202543254241125,10.202543254241125,-10.202271844677629,0.0002714095634956948,2.660285548431892e-05,2.4630363854730564,0.30617758911632315,0.0009670166054979795,0.1,0.002399970005561326,10.187020243726998,0.015523010514126658,-4.136249815946325,6.066548236164177,2.4418237699322436,63.46818682968101
4155.0,-10.202878518521604,10.202878518521604,-10.202543254241125,10.202543254241125,-10.202271844677629,0.0002714095634956948,2.660285548431892e-05,2.519958111205027,0.18837355064030142,0.0009661437154814996,0.1,0.005006609256139272,10.187029586496736,0.015513667744388273,-3.8526896362935963,6.350188882228008,2.44208683427217,63.46818682968101
4160.0,-10.202945402149302,10.202945402149302,-10.202543254241125,10.202543254241125,-10.202271963504835,0.000271290736289842,2.6591208042707797e-05,1.140108742554972,0.20508656646370613,0.0009652726617477009,0.1,0.0011837352408462576,10.187038912417474,0.015504341823651058,-8.903097457299026,1.299847944850276,2.4417550988385686,63.46818682968101
4165.0,-10.203104557240492,10.203104557240492,-10.202543254241125,10.202543254241125,-10.202272047109478,0.00027120713164663357,2.6583013116521662e-05,2.8837805976485895,0.26682466374506586,0.0009644034382335153,0.1,0.003490768254872964,10.187048221539792,0.015495032701332583,-1.8869140218660325,8.31619053537446,2.4419860544896244,63.46818682968101
4170.0,-10.203030772566308,10.203030772566308,-10.202543254241125,10.202543254241125,-10.202272047109478,0.00027120713164663357,2.6583013116521662e-05,1.595181880480878,0.2639194057313387,0.0009635360389031403,0.1,0.0017368101626685029,10.187057513914061,0.015485740327062772,-7.658425540751798,2.5446052318145096,2.441749556120066,63.46818682968101
4175.0,-10.202991326421698,10.202991326421698,-10.202543254241125,10.202543254241125,-10.202272092170801,0.00027116207032307216,2.6578596206149143e-05,2.3252404765175854,0.19513891852879123,0.0009626704577478854,0.1,0.0035139651667196667,10.187066789590443,0.015476464650682737,-4.796248052785972,5.406743273635725,2.441977718878577,63.46818682968101
4180.0,-10.20291754643952,10.20291754643952,-10.202543254241125,10.202543254241125,-10.202272210472026,0.0002710437690982559,2.6567000321756322e-05,2.349772878936695,0.19034426592883033,0.0009618066887860158,0.1,0.0019979165107324656,10.18707604861888,0.015467205622243648,-4.681484963853075,5.521432582586446,2.441775536576723,63.46818682968101
4185.0,-10.202921001870482,10.202921001870482,-10.202543254241125,10.202543254241125,-10.202272384181947,0.0002708700591771418,2.6549973278218947e-05,1.5223841356224197,0.2429796606529783,0.0009609447260626011,0.1,0.004162539733142026,10.187085291049119,0.015457963192005611,-7.885267545475663,2.3176534563948197,2.4417177819360716,63.46818682968101
4190.0,-10.202718167295428,10.202718167295428,-10.202543254241125,10.202543254241125,-10.202272384181947,0.0002708700591771418,2.6549973278218947e-05,1.72601338370946,0.3331361904588486,0.000960084563649363,0.1,0.003282180043228369,10.187094516930689,0.015448737310436523,-7.2235959665512475,2.9791222007441807,2.4420932186718733,63.46818682968101
4195.0,-10.20290003940325,10.20290003940325,-10.202543254241125,10.202543254241125,-10.202272705055051,0.00027054918607305467,2.65185213034937e-05,1.1400888483378067,0.15668142394092077,0.0009592261956445241,0.1,0.002060868385451828,10.187103726312914,0.01543952792821099,-8.903097457299026,1.299802582104224,2.441826031975798,63.46818682968101
4200.0,-10.202642543261504,10.202642543261504,-10.202543254241125,10.202543254241125,-10.202272705055051,0.00027054918607305467,2.65185213034937e-05,1.6513987997542283,0.19085174132909527,0.0009583696161726582,0.1,0.002008618264271181,10.187112919244916,0.015430334996209192,-7.4755245474317995,2.7271179958297047,2.4419836740355167,63.46818682968101
4205.0,-10.202693374858347,10.202693374858347,-10.202543254241125,10.202543254241125,-10.202272705055051,0.00027054918607305467,2.65185213034937e-05,2.0037861896976366,0.20799288024639342,0.000957514819384541,0.1,0.001432528197682254,10.187122095775608,0.015421158465515792,-6.1875342808353775,4.0151590940229696,2.4419270135466085,63.46818682968101
4210.0,-10.202796931721783,10.202796931721783,-10.202543254241125,10.202543254241125,-10.202272837207998,0.00027041703312669085,2.6505567675123503e-05,1.1143022375333087,0.19385734250018086,0.0009566617994570032,0.1,0.0012546724985297584,10.187131255953705,0.015411998287418845,-8.961127455150047,1.2416694765717367,2.441908403032209,63.46818682968101
4215.0,-10.202763641632094,10.202763641632094,-10.202543254241125,10.202543254241125,-10.202272837207998,0.00027041703312669085,2.6505567675123503e-05,2.0918144341221026,0.24324585945565685,0.0009558105505927829,0.1,0.0026957303983464118,10.187140399827715,0.015402854413408714,-5.827076014830522,4.3756876268015725,2.4417944927548785,63.46818682968101
4220.0,-10.20271747622269,10.20271747622269,-10.202543254241125,10.202543254241125,-10.202272891768862,0.00027036247226241983,2.6500219620722633e-05,1.5916606722153324,0.17111633686909145,0.00095496106702038,0.1,0.00291282519203848,10.187149527445948,0.015393726795176981,-7.669333780745723,2.5333836954769664,2.4419104974970693,63.46818682968101
4225.0,-10.202753532535557,10.202753532535557,-10.202543254241125,10.202543254241125,-10.20227301061617,0.00027024362495531307,2.648857021117803e-05,1.5950949789224969,0.21056417087281898,0.0009541133429939111,0.1,0.0018360163880502241,10.18715863885651,0.015384615384615385,-7.658425540751798,2.5443279917837582,2.441856087848707,63.46818682968101
4230.0,-10.202701609151969,10.202701609151969,-10.202543254241125,10.202543254241125,-10.202273095504511,0.0002701587366136238,2.6480249458590307e-05,1.7938188930533157,0.23673624244531466,0.0009532673727929665,0.1,0.0013304088418462404,10.18716773410731,0.015375520133814751,-6.9849153880769475,3.2177862210750217,2.4419477663542692,63.46818682968101
4235.0,-10.202785834854406,10.202785834854406,-10.202543254241125,10.202543254241125,-10.202273095504511,0.0002701587366136238,2.6480249458590307e-05,2.1521132171119155,0.21690345424812899,0.0009524231507224663,0.1,0.0023094328838630146,10.18717681324606,0.015366440995063938,-5.571194535586609,4.6315912992677974,2.441851083799876,63.46818682968101
4240.0,-10.202828638950422,10.202828638950422,-10.202543254241125,10.202543254241125,-10.20227313798117,0.0002701162599549889,2.6476085897896244e-05,2.3479317118035166,0.2659724142953371,0.0009515806711125188,0.1,0.001680041460839503,10.187185876320276,0.01535737792084878,-4.690045315657831,5.512783323292591,2.4421793641304737,63.46818682968101
4245.0,-10.202908041301313,10.202908041301313,-10.20253911200432,10.20253911200432,-10.202273153138872,0.00026595886544811265,2.6068588975809443e-05,1.1400923576633117,0.13223807230651588,0.00095073992831828,0.1,0.0011951842414252118,10.187190781140469,0.015348330863851047,-8.903097457299026,1.2998105840022873,2.441796023825129,63.46818682968101
4250.0,-10.20281559729293,10.20281559729293,-10.20253911200432,10.20253911200432,-10.202273381995102,0.0002657300092181458,2.6046156505382832e-05,1.9384054496590617,0.17564200693009838,0.0009499009167198133,0.1,0.003437165147885103,10.187199812227373,0.01533929977694741,-6.445399910024983,3.7574156872679483,2.442069831666621,63.46818682968101
4255.0,-10.202601575491364,10.202601575491364,-10.20253911200432,10.20253911200432,-10.202273381995102,0.0002657300092181458,2.6046156505382832e-05,1.735222578395839,0.25016862694318903,0.0009490636307219501,0.1,0.0035775038799723646,10.187208827391112,0.015330284613208399,-7.191604178916662,3.0109973965747026,2.442008334472123,63.46818682968101
4260.0,-10.202759311875283,10.202759311875283,-10.20253911200432,10.20253911200432,-10.202273402715699,0.0002657092886213519,2.6044125474095205e-05,1.7489985853489605,0.1703747664681593,0.0009482280647541526,0.1,0.0021479838616791144,10.187217826678422,0.01532128532589739,-7.14376326032262,3.058996051552663,2.441987262802664,63.46818682968101
4265.0,-10.202694456839183,10.202694456839183,-10.20253911200432,10.20253911200432,-10.202273518716536,0.00026559328778397173,2.6032755081181534e-05,1.3937892572661434,0.1983438498368125,0.0009473942132703755,0.1,0.002110542260745857,10.18722681013585,0.015312301868469587,-8.260045963168674,1.942648493670509,2.44197285586616,63.46818682968101
4270.0,-10.202737944930888,10.202737944930888,-10.20253911200432,10.20253911200432,-10.202273661487986,0.00026545051633419803,2.601876063531141e-05,1.3168824854529617,0.1787771346654827,0.0009465620707489306,0.1,0.002004656692080997,10.187235777809748,0.015303334194570998,-8.468558464438116,1.734179480492772,2.442050855534244,63.46818682968101
4275.0,-10.202784283673571,10.202784283673571,-10.20253911200432,10.20253911200432,-10.202273712447672,0.00026539955664794945,2.6013765571113685e-05,1.1400380811071822,0.2034661196334396,0.0009457316316923511,0.1,0.0025649896129199008,10.187244729746283,0.015294382258037451,-8.903097457299026,1.2996868263745451,2.4418171818538723,63.46818682968101
4280.0,-10.202808166340848,10.202808166340848,-10.20253911200432,10.20253911200432,-10.202273764011208,0.00026534799311228596,2.600871131769744e-05,1.6562593448200487,0.2659232164889066,0.0009449028906272572,0.1,0.0016481267715866383,10.187253665991427,0.015285446012893578,-7.459613149037111,2.743195017303737,2.4418842556185743,63.46818682968101
4285.0,-10.202894133429982,10.202894133429982,-10.20253911200432,10.20253911200432,-10.202273781727781,0.0002653302765391885,2.6006974740708648e-05,1.8364279279716629,0.26877535087839693,0.0009440758421042227,0.1,0.0017512446883565353,10.187262586590968,0.015276525413351826,-6.830426598795688,3.3724675346342945,2.442049130488068,63.46818682968101
4290.0,-10.202894287986203,10.202894287986203,-10.20253911200432,10.20253911200432,-10.202273781727781,0.0002653302765391885,2.6006974740708648e-05,1.393860941707432,0.17683708308214188,0.0009432504806976425,0.1,0.002964232429947911,10.18727149159051,0.01526762041381148,-8.260045963168674,1.942848324817529,2.4418819129480043,63.46818682968101
4295.0,-10.20273494411827,10.20273494411827,-10.20253911200432,10.20253911200432,-10.202273781727781,0.0002653302765391885,2.6006974740708648e-05,2.261851339589657,0.2460387320306027,0.0009424268010056001,0.1,0.004997604436573736,10.187280381035462,0.015258730968857688,-5.086763461714745,5.115971482403524,2.441981890352609,63.46818682968101
4300.0,-10.202776601452726,10.202776601452726,-10.20253911200432,10.20253911200432,-10.202273837689226,0.00026527431509393296,2.6001489404642027e-05,1.755295207093712,0.1851505114110591,0.0009416047976497379,0.1,0.002828545593558686,10.18728925497106,0.015249857033260468,-7.1217153374065685,3.0810612640461574,2.4420644051662266,63.46818682968101
4305.0,-10.202760045862984,10.202760045862984,-10.20253911200432,10.20253911200432,-10.202273872140621,0.00026523986369930697,2.5998112481924078e-05,1.8363914198959042,0.2825826807740667,0.0009407844652751262,0.1,0.0022218242788846756,10.187298113442347,0.015240998561973753,-6.830426598795688,3.3723334470672963,2.4420066756283703,63.46818682968101
4310.0,-10.202830954188935,10.202830954188935,-10.20253911200432,10.20253911200432,-10.202273872140621,0.00026523986369930697,2.5998112481924078e-05,1.2644412594393193,0.2542099534023551,0.0009399657985501349,0.1,0.0039022212779853426,10.187306956494186,0.015232155510134434,-8.604019255616443,1.5988116985724918,2.4419794498020444,63.46818682968101
4315.0,-10.202839641320931,10.202839641320931,-10.20253911200432,10.20253911200432,-10.202274271395668,0.0002648406086525057,2.5958977538473448e-05,1.5530494890699893,0.24043352459841394,0.0009391487921663041,0.1,0.002422188237203169,10.18731578417126,0.015223327833061406,-7.790876925820378,2.411962715500554,2.4419083323366797,63.46818682968101
4320.0,-10.202659571448999,10.202659571448999,-10.20253911200432,10.20253911200432,-10.20227433511628,0.00026477688803971944,2.595273165007493e-05,2.771244068762187,0.2589468876915935,0.0009383334408382183,0.1,0.002782417006305609,10.187324596518065,0.015214515486254614,-2.5228658827993966,7.679793688649602,2.4420552338277854,63.46818682968101
4325.0,-10.20273149503962,10.20273149503962,-10.20253911200432,10.20253911200432,-10.20227433511628,0.00026477688803971944,2.595273165007493e-05,1.1142728749680542,0.1630403356385654,0.0009375197393033783,0.1,0.0020648798629043586,10.187333393578927,0.015205718425394109,-8.961127455150047,1.2416040398895731,2.442077126976581,63.46818682968101
4330.0,-10.202775895690124,10.202775895690124,-10.20253911200432,10.20253911200432,-10.202274458184911,0.00026465381940887767,2.5940668474817945e-05,1.773235361778845,0.20483905333527616,0.0009367076823220767,0.1,0.004938772529183016,10.187342175397982,0.015196936606339122,-7.058412247427172,3.144363648262952,2.4419462815958317,63.46818682968101
4335.0,-10.202953054323718,10.202953054323718,-10.20253911200432,10.20253911200432,-10.202274458184911,0.00026465381940887767,2.5940668474817945e-05,1.7648833387523812,0.26799318022378926,0.0009358972646772717,0.1,0.0016745899544474395,10.187350942019194,0.015188169985127124,-7.088139854917966,3.114813199405752,2.441929791709744,63.46818682968101
4340.0,-10.202789251152344,10.202789251152344,-10.20253911200432,10.20253911200432,-10.20227454578073,0.00026456622359027904,2.5932082341353332e-05,1.1400402597510844,0.2053667973553409,0.0009350884811744648,0.1,0.002064068264718208,10.187359693486348,0.015179418517972906,-8.903097457299026,1.2996917938533183,2.4420465973034893,63.46818682968101
4345.0,-10.202707796485871,10.202707796485871,-10.20253911200432,10.20253911200432,-10.20227459773496,0.00026451426936091593,2.592698979300573e-05,1.9867871396514296,0.2804013272498566,0.0009342813266415757,0.1,0.007243815904767065,10.187368429843053,0.015170682161267662,-6.25538465820156,3.947323138284311,2.4421775290749252,63.46818682968101
4350.0,-10.202785920468429,10.202785920468429,-10.20253911200432,10.20253911200432,-10.20227459773496,0.00026451426936091593,2.592698979300573e-05,2.361373396344765,0.18664766429326976,0.0009334757959288212,0.1,0.004164907730490444,10.187377151132742,0.015161960871578069,-4.6267016035036175,5.5760843169648115,2.4419222822578566,63.46818682968101
4355.0,-10.202833336535859,10.202833336535859,-10.20253911200432,10.20253911200432,-10.202274803066231,0.00026430893808893074,2.5906863242842106e-05,1.758906529458848,0.18500410900236128,0.0009326718839085933,0.1,0.002843624671714968,10.187385857398676,0.01515325460564539,-7.1090811571628905,3.0937521793729683,2.4417916986591055,63.46818682968101
4360.0,-10.202710091898945,10.202710091898945,-10.20253911200432,10.20253911200432,-10.202274903218605,0.00026420878571542517,2.589704631778475e-05,2.115347658932177,0.2082539897170086,0.0009318695854753375,0.1,0.0021572173481348225,10.187394548683935,0.015144563320384568,-5.728014373749103,4.474695718149842,2.4420201796960272,63.46818682968101
4365.0,-10.202746451523785,10.202746451523785,-10.202532114959798,10.202532114959798,-10.202274903218605,0.0002572117411929753,2.521121452156032e-05,2.727553853209045,0.2585295070320919,0.0009310688955454344,0.1,0.003196471085231171,10.187396227986914,0.015135886972883327,-2.763196429368276,7.439550022155509,2.4422587390594104,63.46818682968101
4370.0,-10.202717139943312,10.202717139943312,-10.202532114959798,10.202532114959798,-10.202274903218605,0.0002572117411929753,2.521121452156032e-05,1.5525503899175774,0.17693052918577493,0.000930269809057079,0.1,0.001855870610138704,10.187404889439396,0.01512722552040129,-7.792304426710091,2.410412713233221,2.442161788790663,63.46818682968101
4375.0,-10.202781644662828,10.202781644662828,-10.202532114959798,10.202532114959798,-10.2022751083147,0.00025700664509820115,2.519111103843344e-05,1.140036923684406,0.15159454431514813,0.0009294723209701633,0.1,0.0028472173895800787,10.18741353603943,0.015118578920369087,-8.903097457299026,1.2996841873638019,2.4419117863071005,63.46818682968101
4380.0,-10.202591876677374,10.202591876677374,-10.202532114959798,10.202532114959798,-10.2022751083147,0.00025700664509820115,2.519111103843344e-05,1.1399536917692528,0.23067424173685494,0.0009286764262661577,0.1,0.0025313766473201386,10.18742216782941,0.015109947130387486,-8.903097457299026,1.2994944193783482,2.442076524088956,63.46818682968101
4385.0,-10.202803948892416,10.202803948892416,-10.202532114959798,10.202532114959798,-10.2022751083147,0.00025700664509820115,2.519111103843344e-05,1.1400467058824348,0.23309282173909532,0.0009278821199479948,0.1,0.004773320421771688,10.187430784851571,0.015101330108226502,-8.903097457299026,1.2997064915933905,2.441962082461065,63.46818682968101
4390.0,-10.202955041976487,10.202955041976487,-10.202532114959798,10.202532114959798,-10.202275118459884,0.0002569964999139529,2.5190116609279264e-05,2.3614092060616834,0.26475238914115085,0.0009270893970399531,0.1,0.002856241543769397,10.187439387147974,0.015092727811824554,-4.6267016035036175,5.57625343847287,2.442000119727679,63.46818682968101
4395.0,-10.202774177013241,10.202774177013241,-10.202532114959798,10.202532114959798,-10.202275118459884,0.0002569964999139529,2.5190116609279264e-05,1.12184297340184,0.20677958753495065,0.0009262982525875419,0.1,0.0036991656435678135,10.187447974760511,0.015084140199287575,-8.94424252004216,1.2585316569710816,2.442108965575861,63.46818682968101
4400.0,-10.202908766609672,10.202908766609672,-10.202532114959798,10.202532114959798,-10.202275298625336,0.0002568163344616181,2.51724568240402e-05,1.9629945769275026,0.2296685982274164,0.0009255086816573857,0.1,0.002656616401895915,10.18745654773091,0.015075567228888179,-6.349561057562888,3.8533477090467843,2.4422449423056034,63.46818682968101
4405.0,-10.202693071766845,10.202693071766845,-10.202532114959798,10.202532114959798,-10.202275638338524,0.00025647662127425974,2.5139158200202075e-05,1.1218068246024735,0.19518398256640893,0.0009247206793371116,0.1,0.002558378484444611,10.187465106100733,0.015067008859064805,-8.94424252004216,1.2584505517246853,2.4419409531618026,63.46818682968101
4410.0,-10.202609303035452,10.202609303035452,-10.202532114959798,10.202532114959798,-10.202275638338524,0.00025647662127425974,2.5139158200202075e-05,1.6864203844229766,0.2991374493816404,0.0009239342407352356,0.1,0.003307462525154216,10.187473649911377,0.015058465048420854,-7.358595590038115,2.844013712997337,2.4421149649493423,63.46818682968101
4415.0,-10.202759824963993,10.202759824963993,-10.202532114959798,10.202532114959798,-10.202275638338524,0.00025647662127425974,2.5139158200202075e-05,1.1400273539108474,0.19826959230766258,0.0009231493609810497,0.1,0.004807293765638833,10.187482179204075,0.015049935755723864,-8.903097457299026,1.2996623676649666,2.441896561620587,63.46818682968101
4420.0,-10.2026656185466,10.2026656185466,-10.202532114959798,10.202532114959798,-10.202275638338524,0.00025647662127425974,2.5139158200202075e-05,2.3280159162395218,0.2930309196254235,0.0009223660352245113,0.1,0.0034051368021819953,10.187490694019893,0.015041420939904671,-4.78300751228206,5.41965810626454,2.44199213703976,63.46818682968101
4425.0,-10.20272773048558,10.20272773048558,-10.202532114959798,10.202532114959798,-10.20227568924927,0.00025642571052841845,2.5134167938495243e-05,1.1400132776360796,0.1980913869119585,0.0009215842586361315,0.1,0.00436591387955572,10.187499194399741,0.015032920560056576,-8.903097457299026,1.2996302731865548,2.4419143742542846,63.46818682968101
4430.0,-10.202810479305475,10.202810479305475,-10.202532114959798,10.202532114959798,-10.202275789994587,0.0002563249652105526,2.512429290158295e-05,1.771955551719139,0.2250314050466112,0.0009208040264068653,0.1,0.005849271819795758,10.187507680384364,0.015024434575434523,-7.062984002037196,3.1398264772682785,2.4418334408437126,63.46818682968101
4435.0,-10.202766828568803,10.202766828568803,-10.202532114959798,10.202532114959798,-10.202275789994587,0.0002563249652105526,2.512429290158295e-05,1.9073498525671742,0.277604827599831,0.0009200253337480016,0.1,0.003150336719733936,10.187516152014343,0.01501596294545428,-6.564783368480785,3.6379834600880185,2.4419682234350826,63.46818682968101
4440.0,-10.202715356552861,10.202715356552861,-10.202532114959798,10.202532114959798,-10.202275946312707,0.000256168647091215,2.5108970629617124e-05,1.140007850522898,0.14932363705694385,0.000919248175891055,0.1,0.002903571258788379,10.187524609330106,0.015007505629691604,-8.903097457299026,1.2996178992538354,2.4418855885306963,63.46818682968101
4445.0,-10.202733902586111,10.202733902586111,-10.202532114959798,10.202532114959798,-10.202275946312707,0.000256168647091215,2.5108970629617124e-05,2.2618511093507827,0.3222245331391421,0.0009184725480876572,0.1,0.0026009271102686413,10.187533052371917,0.01499906258788147,-5.086763461714745,5.115970440871366,2.4419319865367806,63.46818682968101
4450.0,-10.202922500669676,10.202922500669676,-10.202532114959798,10.202532114959798,-10.202275946312707,0.000256168647091215,2.5108970629617124e-05,1.1400986989601616,0.20597871666977213,0.0009176984456094506,0.1,0.002181016048875253,10.187541481179881,0.014990633779917228,-8.903097457299026,1.2998250433706495,2.4418067506886225,63.46818682968101
4455.0,-10.202719798834488,10.202719798834488,-10.202532114959798,10.202532114959798,-10.202275946312707,0.000256168647091215,2.5108970629617124e-05,2.838668289992108,0.30244300651300476,0.0009169258637479799,0.1,0.0025623211642428604,10.187549895793948,0.014982219165849825,-2.1446821382277728,8.058037660606715,2.4420737168556594,63.46818682968101
4460.0,-10.202710301559414,10.202710301559414,-10.202532114959798,10.202532114959798,-10.20227600200381,0.0002561129559879305,2.5103511798507295e-05,1.552548187609429,0.16957502056320442,0.0009161547978145877,0.1,0.0012070251927092303,10.187558296253911,0.014973818705886995,-7.792304426710091,2.4104058748493227,2.441914636421291,63.46818682968101
4465.0,-10.20268319537835,10.20268319537835,-10.202532114959798,10.202532114959798,-10.202276228637313,0.0002558863224848551,2.5081297227239754e-05,1.5916499032867208,0.12423438294092985,0.0009153852431403087,0.1,0.0026488147423905212,10.187566682599405,0.014965432360392486,-7.669333780745723,2.533349414632627,2.4419918462530306,63.46818682968101
4470.0,-10.202563074047138,10.202563074047138,-10.202532114959798,10.202532114959798,-10.20227634003517,0.0002557749246285823,2.5070378031703128e-05,1.4214294663288634,0.24922188293157094,0.0009146171950757642,0.1,0.002998525686105316,10.187575054869912,0.014957060089885258,-8.182101346299184,2.0204617277479535,2.4420000227267957,63.46818682968101
4475.0,-10.202678772954753,10.202678772954753,-10.202532114959798,10.202532114959798,-10.202276415752676,0.0002556992071216513,2.5062956216991206e-05,1.6864409811542884,0.2433884516495561,0.0009138506489910597,0.1,0.0026537845221440977,10.18758341310476,0.014948701855038717,-7.358595590038115,2.8440831829166386,2.441892643525786,63.46818682968101
4480.0,-10.202840656230354,10.202840656230354,-10.202532114959798,10.202532114959798,-10.202276415752676,0.0002556992071216513,2.5062956216991206e-05,1.9278957737493674,0.21540211195207512,0.0009130856002756801,0.1,0.0026639149403016537,10.187591757343117,0.01494035761667992,-6.486058541789682,3.7167821144406714,2.4419475775304096,63.46818682968101
4485.0,-10.202845442198926,10.202845442198926,-10.202532114959798,10.202532114959798,-10.202276468977358,0.0002556459824401003,2.5057739144538728e-05,1.722684825370486,0.10041190541001979,0.0009123220443383882,0.1,0.002682367345013752,10.18760008762401,0.014932027335788824,-7.235202434637187,2.9676430075617395,2.4416551337540566,63.46818682968101
4490.0,-10.202639748465883,10.202639748465883,-10.202532114959798,10.202532114959798,-10.202276468977358,0.0002556459824401003,2.5057739144538728e-05,1.7234815759676727,0.23175821339639704,0.0009115599766071221,0.1,0.0037236055234554665,10.1876084039863,0.01492371097349751,-7.232251005765872,2.9703887427000106,2.4419643666355486,63.46818682968101
4495.0,-10.20271681400202,10.20271681400202,-10.202532114959798,10.202532114959798,-10.202276468977358,0.0002556459824401003,2.5057739144538728e-05,1.140008489750404,0.21777969343246875,0.0009107993925288939,0.1,0.005122033871964557,10.187616706468708,0.014915408491089417,-8.903097457299026,1.299619356702994,2.4418734440571446,63.46818682968101
4500.0,-10.202857489896937,10.202857489896937,-10.202532114959798,10.202532114959798,-10.202276468977358,0.0002556459824401003,2.5057739144538728e-05,1.9878501509652728,0.21952918410884087,0.0009100402875696889,0.1,0.002740815280549958,10.187624995109799,0.0149071198499986,-6.251309267204277,3.9515482226926597,2.4420630302620627,63.46818682968101
4505.0,-10.203077234480554,10.203077234480554,-10.202532114959798,10.202532114959798,-10.202276505307323,0.000255609652475286,2.5054178088813354e-05,1.722752100519215,0.18227217293665612,0.0009092826572143663,0.1,0.0026055859782317223,10.18763326994799,0.014898845011808954,-7.235202434637187,2.9678747998433677,2.441668846510092,63.46818682968101
4510.0,-10.20287624417487,10.20287624417487,-10.202532114959798,10.202532114959798,-10.202276527665296,0.00025558729450203543,2.5051986564857834e-05,2.361392521515907,0.2836958617764977,0.0009085264969665588,0.1,0.0042738226743156615,10.187641531021544,0.014890583938253495,-4.6267016035036175,5.576174640671253,2.4419953431080863,63.46818682968101
4515.0,-10.203053952915809,10.203053952915809,-10.202532114959798,10.202532114959798,-10.202276690505899,0.0002554244538988115,2.5036024962595463e-05,1.1401563470054386,0.2034447325907252,0.0009077718023485749,0.1,0.0024137955796087623,10.187649778368584,0.01488233659121359,-8.903097457299026,1.299956495616783,2.4416766003380017,63.46818682968101
4520.0,-10.202665145632931,10.202665145632931,-10.202532114959798,10.202532114959798,-10.202276929472223,0.00025518548757474946,2.5012601533837265e-05,1.7234889439352548,0.32804898625427664,0.0009070185689012992,0.1,0.0055291705384028535,10.187658012027079,0.014874102932718241,-7.232251005765872,2.970414139867059,2.4419110014084664,63.46818682968101
4525.0,-10.202699383324033,10.202699383324033,-10.202532114959798,10.202532114959798,-10.202276929472223,0.00025518548757474946,2.5012601533837265e-05,1.3412890535408002,0.3241424936357725,0.000906266792184097,0.1,0.007200986084250102,10.187666232034854,0.014865882924943325,-8.403643058175657,1.799056325148376,2.4420191564456966,63.46818682968101
4530.0,-10.20292216329717,10.20292216329717,-10.202532114959798,10.202532114959798,-10.202276929472223,0.00025518548757474946,2.5012601533837265e-05,1.5917249707633065,0.17974505079832956,0.0009055164677747154,0.1,0.0016865739649695873,10.187674438429587,0.014857676530210895,-7.669333780745723,2.5335883825514474,2.4420727642009674,63.46818682968101
4535.0,-10.20299754954981,10.20299754954981,-10.202532114959798,10.202532114959798,-10.202276929472223,0.00025518548757474946,2.5012601533837265e-05,1.8638929995117073,0.24759062118103178,0.0009047675912691885,0.1,0.002717060842324583,10.18768263124881,0.01484948371098843,-6.7289004359210605,3.4740971136287495,2.4419891957917916,63.46818682968101
4540.0,-10.202843008051124,10.202843008051124,-10.202532114959798,10.202532114959798,-10.20227712261398,0.0002549923458179393,2.4993669820312266e-05,1.6468914603937586,0.21841044256194928,0.00090402015828174,0.1,0.004204985662919347,10.18769081052991,0.01484130442988812,-7.490591525733238,2.7122514823178863,2.442081151726604,63.46818682968101
4545.0,-10.202723839820143,10.202723839820143,-10.202532114959798,10.202532114959798,-10.202277234742825,0.0002548802169730635,2.4982678975346276e-05,1.1400115712224672,0.2610246202178219,0.0009032741644446907,0.1,0.005593929373732009,10.187698976310132,0.014833138649666159,-8.903097457299026,1.299626382521117,2.441939465896628,63.46818682968101
4550.0,-10.202846672672006,10.202846672672006,-10.202532114959798,10.202532114959798,-10.202277234742825,0.0002548802169730635,2.4982678975346276e-05,2.4965338565819883,0.1939938659479558,0.0009025296054083615,0.1,0.0043591530361579475,10.187707128626576,0.014824986333222023,-3.970165375611871,6.232681297060135,2.442093177852689,63.46818682968101
4555.0,-10.20274698610611,10.20274698610611,-10.202532114959798,10.202532114959798,-10.202277263691574,0.00025485126822388793,2.4979841425293023e-05,1.1142798261460465,0.2127216709089375,0.000901786476840981,0.1,0.0021864998556113922,10.1877152675162,0.014816847443597765,-8.961127455150047,1.2416195309560631,2.4421043953055808,63.46818682968101
4560.0,-10.20264686318315,10.20264686318315,-10.202532114959798,10.202532114959798,-10.202277352163822,0.00025476279597569373,2.497116939500381e-05,1.3937721836851513,0.2602142997986415,0.0009010447744285917,0.1,0.0022346387196594307,10.18772339301582,0.014808721943977308,-8.260045963168674,1.942600900014476,2.4420763920926376,63.46818682968101
4565.0,-10.202755264209872,10.202755264209872,-10.202532114959798,10.202532114959798,-10.202277352163822,0.00025476279597569373,2.497116939500381e-05,2.0651053446238743,0.24757183087423706,0.0009003044938749575,0.1,0.0022569732229451448,10.187731505162112,0.014800609797685755,-5.938095179815777,4.2646600843940945,2.4422013410311796,63.46818682968101
4570.0,-10.20288712324297,10.20288712324297,-10.202532114959798,10.202532114959798,-10.202277355478763,0.0002547594810344833,2.4970844465199133e-05,1.6469048538120628,0.19569259145198012,0.0008995656309014712,0.1,0.004033175586450954,10.18773960399161,0.014792510968188684,-7.490591525733238,2.7122955975097325,2.442216215590276,63.46818682968101
4575.0,-10.202853485261569,10.202853485261569,-10.202532114959798,10.202532114959798,-10.20227759037757,0.0002545245822282993,2.494781973667899e-05,1.264450168905491,0.2499028896271499,0.0008988281812470639,0.1,0.004427909707870064,10.187747689540707,0.014784425419091456,-8.604019255616443,1.5988342296451261,2.4420904596112267,63.46818682968101
4580.0,-10.202914293032459,10.202914293032459,-10.202532114959798,10.202532114959798,-10.20227759037757,0.0002545245822282993,2.494781973667899e-05,1.7260701974372914,0.2545717265286374,0.0008980921406681126,0.1,0.0037086303229380167,10.18775576184566,0.014776353114138541,-7.2235959665512475,2.979318326481211,2.442135197232989,63.46818682968101
4585.0,-10.202904668720393,10.202904668720393,-10.202532114959798,10.202532114959798,-10.202277613532559,0.00025450142723926206,2.4945550089882376e-05,1.4215496201051896,0.15342324331142634,0.0008973575049383514,0.1,0.0012246300888859869,10.187763820942585,0.014768294017212823,-8.182101346299184,2.0208033224212087,2.4418987282745923,63.46818682968101
4590.0,-10.202782118003405,10.202782118003405,-10.202532114959798,10.202532114959798,-10.202277770706917,0.00025434425288040075,2.493014389499191e-05,2.701232378267516,0.26566000091065267,0.0008966242698487803,0.1,0.0031349066520376073,10.187771866867463,0.014760248092334923,-2.906125756602629,7.2966563614007764,2.4421415357513196,63.46818682968101
4595.0,-10.202921052461972,10.202921052461972,-10.202532114959798,10.202532114959798,-10.202277893573696,0.0002542213861023157,2.4918100521693004e-05,1.734341897796339,0.1589376555243416,0.000895892431207577,0.1,0.0017787786015447,10.187779899656135,0.014752215303662525,-7.194979234010168,3.0079418184518047,2.441926515973205,63.46818682968101
4600.0,-10.202826663211328,10.202826663211328,-10.202532114959798,10.202532114959798,-10.202277893573696,0.0002542213861023157,2.4918100521693004e-05,2.6349243200626837,0.20869153197867232,0.0008951619848400074,0.1,0.003924993985789915,10.187787919344307,0.014744195615489713,-3.2600004907535327,6.942826172457795,2.4421811976685923,63.46818682968101
4605.0,-10.202850121748504,10.202850121748504,-10.202532114959798,10.202532114959798,-10.202277893573696,0.0002542213861023157,2.4918100521693004e-05,1.1400669561255954,0.16872986206739463,0.0008944329265883382,0.1,0.0018154481173675602,10.187795925967551,0.014736188992246296,-8.903097457299026,1.2997526644494783,2.4418676732564353,63.46818682968101
4610.0,-10.202738624410047,10.202738624410047,-10.202532114959798,10.202532114959798,-10.202278056196015,0.0002540587637831493,2.4902160319856714e-05,2.930516513521713,0.22332574365839342,0.0008937052523117487,0.1,0.005487096940184764,10.1878039195613,0.014728195398497141,-1.614811588386594,8.587927036023453,2.4421211298487524,63.46818682968101
4615.0,-10.202961142297568,10.202961142297568,-10.202532114959798,10.202532114959798,-10.202278056196015,0.0002540587637831493,2.4902160319856714e-05,1.7732875950816316,0.20089271537669898,0.0008929789578862437,0.1,0.003645527777640229,10.187811900160856,0.014720214798941532,-7.058412247427172,3.144548894870396,2.4418769263694236,63.46818682968101
4620.0,-10.202644192177363,10.202644192177363,-10.202532114959798,10.202532114959798,-10.202278056196015,0.0002540587637831493,2.4902160319856714e-05,1.7259919541023685,0.2872676524662408,0.0008922540392045677,0.1,0.0054125199603768225,10.187819867801386,0.014712247158412491,-7.2235959665512475,2.9790482256261157,2.442142387507204,63.46818682968101
4625.0,-10.202835622146633,10.202835622146633,-10.202532114959798,10.202532114959798,-10.202278056196015,0.0002540587637831493,2.4902160319856714e-05,1.1218703588670444,0.1694295505119929,0.0008915304921761185,0.1,0.0026491717999998694,10.18782782251792,0.014704292441876156,-8.94424252004216,1.2585931021044736,2.4419784305377705,63.46818682968101
4630.0,-10.202875667193247,10.202875667193247,-10.202532114959798,10.202532114959798,-10.202278194271322,0.0002539206884755174,2.4888626210770876e-05,2.1924123247763747,0.1854755955364485,0.0008908083127268613,0.1,0.00307387923491597,10.187835764345367,0.014696350614431104,-5.3962038653618976,4.8066718018313495,2.44208158741345,63.46818682968101
4635.0,-10.202797301561343,10.202797301561343,-10.202532114959798,10.202532114959798,-10.202278194271322,0.0002539206884755174,2.4888626210770876e-05,1.5725825917886047,0.2951136663900339,0.0008900874967992447,0.1,0.004803128219819484,10.18784369331849,0.014688421641307724,-7.729781293564778,2.4730160079965655,2.442021950492119,63.46818682968101
4640.0,-10.202852315742835,10.202852315742835,-10.202532114959798,10.202532114959798,-10.20227822517496,0.00025388978483853464,2.4885597043613333e-05,1.8219178954503847,0.21722598115308844,0.0008893680403521156,0.1,0.004339442330566443,10.187851609471931,0.014680505487867587,-6.883467497980477,3.3193848177623577,2.442058223821461,63.46818682968101
4645.0,-10.202739113787501,10.202739113787501,-10.202532114959798,10.202532114959798,-10.20227822517496,0.00025388978483853464,2.4885597043613333e-05,1.6864588710518231,0.23951121179756668,0.0008886499393606355,0.1,0.00750626987196499,10.187859512840195,0.01467260211960279,-7.358595590038115,2.844143523749387,2.442135362076673,63.46818682968101
4650.0,-10.202777753119431,10.202777753119431,-10.202532114959798,10.202532114959798,-10.202278441501319,0.0002536734584790423,2.486439278574649e-05,1.7226651788673981,0.19864391206206536,0.000887933189816198,0.1,0.002346175728740129,10.187867403457663,0.014664711502135329,-7.235202434637187,2.967575318482244,2.4420389698553024,63.46818682968101
4655.0,-10.202730856252717,10.202730856252717,-10.202532114959798,10.202532114959798,-10.202278498782801,0.00025361617699637407,2.4858778068706135e-05,2.083194551823382,0.27567647278846497,0.0008872177877263443,0.1,0.005412065109785274,10.187875281358581,0.014656833601216487,-5.863031315506095,4.339699540746622,2.442307921984075,63.46818682968101
4660.0,-10.20279807934775,10.20279807934775,-10.202532114959798,10.202532114959798,-10.202278498782801,0.00025361617699637407,2.4858778068706135e-05,1.140044131623301,0.2402619878605972,0.0008865037291146821,0.1,0.0033796938535138026,10.187883146577072,0.014648968382726191,-8.903097457299026,1.2997006220487233,2.441941276791712,63.46818682968101
4665.0,-10.202951166353914,10.202951166353914,-10.202532114959798,10.202532114959798,-10.202278498782801,0.00025361617699637407,2.4858778068706135e-05,1.982694439590643,0.3052771799007504,0.0008857910100208041,0.1,0.004532343990503524,10.187890999147125,0.014641115812672398,-6.271873925570258,3.9310772407836563,2.4418612941204167,63.46818682968101
4670.0,-10.202703883568452,10.202703883568452,-10.202532114959798,10.202532114959798,-10.202278498782801,0.00025361617699637407,2.4858778068706135e-05,2.083188077937841,0.2718086036815843,0.0008850796265002054,0.1,0.004492214233796513,10.187898839102607,0.014633275857190481,-5.863031315506095,4.3396725680623565,2.4422823892246175,63.46818682968101
4675.0,-10.202754477735102,10.202754477735102,-10.202532114959798,10.202532114959798,-10.202278498782801,0.00025361617699637407,2.4858778068706135e-05,2.2147166769191937,0.258183156057237,0.0008843695746242039,0.1,0.00564836917664042,10.187906666477256,0.014625448482542613,-5.297784518711107,4.904969959023995,2.44223877704664,63.46818682968101
4680.0,-10.203024452910828,10.203024452910828,-10.202532114959798,10.202532114959798,-10.202278585956083,0.00025352900371444775,2.485023336487227e-05,1.723593179130434,0.17128740748562354,0.0008836608504798592,0.1,0.002485767883158681,10.18791448130468,0.014617633655117153,-7.232251005765872,2.970773447144956,2.4420462919656765,63.46818682968101
4685.0,-10.202800888944493,10.202800888944493,-10.202532114959798,10.202532114959798,-10.202278769373695,0.0002533455861026823,2.4832254815777286e-05,1.9495593564048885,0.258922494152348,0.0008829534501698933,0.1,0.006186908940713713,10.18792228361837,0.014609831341428051,-6.402019204798649,3.8007816841458437,2.4421193456051236,63.46818682968101
4690.0,-10.202845255426245,10.202845255426245,-10.202532114959798,10.202532114959798,-10.202278860536808,0.00025325442299006795,2.4823319030189947e-05,1.1400648218970804,0.18111219535394443,0.000882247369812611,0.1,0.0015488850155123957,10.187930073451684,0.014602041508114227,-8.903097457299026,1.2997477981272194,2.441840032418126,63.46818682968101
4695.0,-10.20282695398684,10.20282695398684,-10.202532114959798,10.202532114959798,-10.202278860536808,0.00025325442299006795,2.4823319030189947e-05,1.1218664955977067,0.3061034902560099,0.0008815426055418214,0.1,0.0048907743561794,10.187937850837859,0.014594264121938996,-8.94424252004216,1.2585844339446801,2.441974265206107,63.46818682968101
4700.0,-10.202871359318488,10.202871359318488,-10.202532114959798,10.202532114959798,-10.202278860536808,0.00025325442299006795,2.4823319030189947e-05,1.722692347658543,0.29512360105150576,0.0008808391535067585,0.1,0.004776567658321768,10.187945615810008,0.014586499149789454,-7.235202434637187,2.967668924681301,2.4419249534890666,63.46818682968101
4705.0,-10.202683381475003,10.202683381475003,-10.202532114959798,10.202532114959798,-10.202278923546324,0.0002531914134742408,2.4817142853239224e-05,1.6285592343765292,0.20606906067600325,0.0008801370098720053,0.1,0.003745139663093417,10.187953368401121,0.014578746558675892,-7.550478201601937,2.652205179873066,2.4421261981252096,63.46818682968101
4710.0,-10.20275908197868,10.20275908197868,-10.202532114959798,10.202532114959798,-10.202279160214417,0.0002529547453811176,2.4793944706743485e-05,1.1218362455976012,0.15094117825058953,0.0008794361708174141,0.1,0.0014540526643270692,10.187961108644066,0.014571006315731203,-8.94424252004216,1.2585165619365206,2.4418912655333713,63.46818682968101
4715.0,-10.202846329378248,10.202846329378248,-10.202532114959798,10.202532114959798,-10.202279160214417,0.0002529547453811176,2.4793944706743485e-05,2.02580769954761,0.2632152324702593,0.0008787366325380314,0.1,0.005712343742482425,10.187968836571587,0.014563278388210303,-6.098949493831866,4.103896835546382,2.4419629431100884,63.46818682968101
4720.0,-10.20271711589421,10.20271711589421,-10.202532114959798,10.202532114959798,-10.202279160214417,0.0002529547453811176,2.4793944706743485e-05,1.1142664226943946,0.25841377491884476,0.0008780383912440203,0.1,0.002818030183802001,10.187976552216309,0.01455556274348955,-8.961127455150047,1.2415896607441628,2.4420478328992408,63.46818682968101
4725.0,-10.202734871183722,10.202734871183722,-10.202532114959798,10.202532114959798,-10.202279160214417,0.0002529547453811176,2.4793944706743485e-05,1.6285750426620769,0.2401396651336448,0.0008773414431605853,0.1,0.002374354416742522,10.187984255610731,0.014547859349066158,-7.550478201601937,2.652256669581785,2.442063014433391,63.46818682968101
4730.0,-10.202775457421655,10.202775457421655,-10.202532114959798,10.202532114959798,-10.202279160214417,0.0002529547453811176,2.4793944706743485e-05,1.1218435440735461,0.19956991686316092,0.000876645784527896,0.1,0.0018898735174712532,10.18799194678724,0.01454016817255763,-8.94424252004216,1.2585329373794956,2.4418679264681606,63.46818682968101
4735.0,-10.202769320053092,10.202769320053092,-10.202532114959798,10.202532114959798,-10.202279356982475,0.0002527579773232702,2.4774657552410755e-05,1.1400315183160812,0.12932599446124235,0.0008759514116010127,0.1,0.0009001918020731809,10.187999625778097,0.014532489181701183,-8.903097457299026,1.2996718627540655,2.441950338525019,63.46818682968101
4740.0,-10.202686433330124,10.202686433330124,-10.202532114959798,10.202532114959798,-10.202279521419051,0.00025259354074691487,2.4758539522134287e-05,1.121803865784015,0.23943803151428206,0.0008752583206498116,0.1,0.0062419732511207375,10.188007292615445,0.014524822344353169,-8.94424252004216,1.2584439132879641,2.44190519441436,63.46818682968101
4745.0,-10.202883015698681,10.202883015698681,-10.202532114959798,10.202532114959798,-10.202279521419051,0.00025259354074691487,2.4758539522134287e-05,1.628620524891156,0.21424226935770213,0.0008745665079589101,0.1,0.0057439639679386515,10.18801494733131,0.014517167628488533,-7.550478201601937,2.6524048140967444,2.441994600622456,63.46818682968101
4750.0,-10.202789966547588,10.202789966547588,-10.202532114959798,10.202532114959798,-10.202279521419051,0.00025259354074691487,2.4758539522134287e-05,2.5844198944249976,0.31835076092951725,0.0008738759698275939,0.1,0.003944861389214004,10.188022589957598,0.014509525002200232,-3.5235637758478706,6.679226190699717,2.4420808146543544,63.46818682968101
4755.0,-10.203035032557803,10.203035032557803,-10.202532114959798,10.202532114959798,-10.202279521419051,0.00025259354074691487,2.4758539522134287e-05,2.3854716010357313,0.21579110696186718,0.0008731867025697429,0.1,0.003352829758726849,10.1880302205261,0.014501894433698684,-4.512560273209825,5.690474759347978,2.4419480798632276,63.46818682968101
4760.0,-10.20281108556331,10.20281108556331,-10.202532114959798,10.202532114959798,-10.202279521419051,0.00025259354074691487,2.4758539522134287e-05,2.426567262093425,0.2576496691228399,0.0008724987025137596,0.1,0.00174209735458308,10.188037839068487,0.014494275891311212,-4.314582408099731,5.888228677463579,2.4422035143993193,63.46818682968101
4765.0,-10.20272738146932,10.20272738146932,-10.202532114959798,10.202532114959798,-10.202279631794417,0.00025248316538117876,2.4747720557897612e-05,1.7648194033813642,0.16860147634769204,0.0008718119660024951,0.1,0.0023470140231299647,10.188045445616316,0.014486669343481482,-7.088139854917966,3.114587526551354,2.442099790131901,63.46818682968101
4770.0,-10.202628123190351,10.202628123190351,-10.202532114959798,10.202532114959798,-10.202279747634552,0.0002523673252454728,2.473636593860165e-05,2.163088735359474,0.30504941082943865,0.0008711264893931783,0.1,0.0024097527730491393,10.188053040201028,0.014479074758768978,-5.5236752461513,4.678952877039051,2.4421273775633825,63.46818682968101
4775.0,-10.202767174223204,10.202767174223204,-10.202532114959798,10.202532114959798,-10.202279747634552,0.0002523673252454728,2.473636593860165e-05,1.1142888849275832,0.13401552839129227,0.0008704422690573442,0.1,0.0023066318716342877,10.18806062285395,0.014471492105848433,-8.961127455150047,1.2416397190731576,2.44173949488478,63.46818682968101
4780.0,-10.202644125110298,10.202644125110298,-10.202532114959798,10.202532114959798,-10.202279890248935,0.0002522247108629472,2.4722386915106767e-05,1.6285471818490127,0.20990389848386884,0.0008697593013807626,0.1,0.002531587476363656,10.188068193606288,0.014463921353509292,-7.550478201601937,2.6521659235083614,2.4419122459758222,63.46818682968101
4785.0,-10.202709354838431,10.202709354838431,-10.202532114959798,10.202532114959798,-10.20227991413714,0.00025220082265775545,2.4720045399684114e-05,2.1458615178071354,0.22449558272743242,0.0008690775827633671,0.1,0.003203150554608542,10.188075752489143,0.014456362470655182,-5.5979877012328885,4.604721653605543,2.4420275697888565,63.46818682968101
4790.0,-10.202574230724014,10.202574230724014,-10.202532114959798,10.202532114959798,-10.202279915090527,0.00025219986927105253,2.4719951948977154e-05,1.1217538547657655,0.21811918281164877,0.0008683971096191858,0.1,0.0027928087200164093,10.188083299533494,0.014448815426303364,-8.94424252004216,1.2583317106818548,2.4421076147605114,63.46818682968101
4795.0,-10.202698555751908,10.202698555751908,-10.202532114959798,10.202532114959798,-10.202279915090527,0.00025219986927105253,2.4719951948977154e-05,2.2505093171454362,0.18631221600636455,0.0008677178783762708,0.1,0.001577921130693031,10.188090834770213,0.014441280189584203,-5.13790636919349,5.064792186558418,2.442099028171341,63.46818682968101
4800.0,-10.202702560594894,10.202702560594894,-10.202532114959798,10.202532114959798,-10.20228008368794,0.0002520312718576889,2.470342607635843e-05,1.121811053855654,0.19092147582595853,0.0008670398854766285,0.1,0.0021670703694061403,10.188098358230057,0.014433756729740642,-8.94424252004216,1.258460040552734,2.4420267208084376,63.46818682968101
4805.0,-10.202752180243193,10.202752180243193,-10.202532114959798,10.202532114959798,-10.20228008368794,0.0002520312718576889,2.470342607635843e-05,1.7569884091887333,0.19899913028949126,0.0008663631273761518,0.1,0.002142520687935712,10.18810586994367,0.014426245016127675,-7.115743910219636,3.0870082700235573,2.442165351278169,63.46818682968101
4810.0,-10.202665052736451,10.202665052736451,-10.202532114959798,10.202532114959798,-10.20228026746219,0.0002518474976085372,2.4685412575044277e-05,2.01573771292461,0.20978012742939656,0.00086568760054455,0.1,0.0018962103732912147,10.188113369941586,0.01441874501821181,-6.1394665254299134,4.063198527306538,2.4419151298314237,63.46818682968101
4815.0,-10.202576548961948,10.202576548961948,-10.202532114959798,10.202532114959798,-10.20228026746219,0.0002518474976085372,2.4685412575044277e-05,2.295054494020437,0.22063367226178665,0.0008650133014652823,0.1,0.002780719761527262,10.188120858254226,0.014411256705570563,-4.935301418438545,5.267275130523403,2.4420614915024226,63.46818682968101
4820.0,-10.202748555788308,10.202748555788308,-10.202532114959798,10.202532114959798,-10.202280322663722,0.00025179229607630305,2.46800017361768e-05,2.1760536784875084,0.1991058389743466,0.0008643402266354882,0.1,0.0028005299073629126,10.188128334911905,0.014403780047891935,-5.467538944129292,4.735209611659015,2.442190312871362,63.46818682968101
4825.0,-10.202944431321637,10.202944431321637,-10.202532114959798,10.202532114959798,-10.202280322663722,0.00025179229607630305,2.46800017361768e-05,1.5951548171164578,0.19674961855855075,0.0008636683725659219,0.1,0.0022367420085195756,10.188135799944824,0.01439631501497389,-7.658425540751798,2.5445188905698384,2.4420387087715305,63.46818682968101
4830.0,-10.202938408919644,10.202938408919644,-10.202532114959798,10.202532114959798,-10.202280322663722,0.00025179229607630305,2.46800017361768e-05,1.1219161683822383,0.16332168283947965,0.000862997735780884,0.1,0.001630442931465219,10.188143253383075,0.014388861576723854,-8.94424252004216,1.2586958888774848,2.44183022727276,63.46818682968101
4835.0,-10.202733458227511,10.202733458227511,-10.202532114959798,10.202532114959798,-10.202280396291949,0.00025171866784923225,2.4672784717887208e-05,2.1656015562026707,0.29112583564801026,0.0008623283128181559,0.1,0.00258490518496919,10.18815069525664,0.014381419703158196,-5.512903358000082,4.68983010022743,2.4420070935099867,63.46818682968101
4840.0,-10.202762640065776,10.202762640065776,-10.202532114959798,10.202532114959798,-10.202280479436263,0.0002516355235346879,2.4664634935481822e-05,1.7226607923292931,0.3205672292969483,0.0008616601002289333,0.1,0.004267528906828655,10.188158125595397,0.014373989364401724,-7.235202434637187,2.9675602054285894,2.441966561530231,63.46818682968101
4845.0,-10.202822883278968,10.202822883278968,-10.202532114959798,10.202532114959798,-10.202280479436263,0.0002516355235346879,2.4664634935481822e-05,1.9601789793752427,0.25127413887213323,0.0008609930945777599,0.1,0.0034554054426176946,10.188165544429111,0.014366570530687187,-6.360521252094402,3.842301631184566,2.4420790891909276,63.46818682968101
4850.0,-10.20283853559579,10.20283853559579,-10.202532114959798,10.202532114959798,-10.202280637678014,0.00025147728178431805,2.464912412383443e-05,1.5223570507998858,0.1914827605007546,0.0008603272924424631,0.1,0.006086988878762955,10.188172951787443,0.01435916317235476,-7.885267545475663,2.317570990120127,2.4419475991151383,63.46818682968101
4855.0,-10.20283596659077,10.20283596659077,-10.202532114959798,10.202532114959798,-10.202280684199783,0.00025143076001477027,2.4644564073223328e-05,2.349755519780237,0.24957883925454835,0.0008596626904140881,0.1,0.001903860006195541,10.188180347699946,0.014351767259851572,-4.681484963853075,5.5213510027376955,2.442047291772468,63.46818682968101
4860.0,-10.202700869036951,10.202700869036951,-10.202532114959798,10.202532114959798,-10.202280684199783,0.00025143076001477027,2.4644564073223328e-05,1.1142591322878637,0.13648182364479058,0.0008589992850968336,0.1,0.003519339282750838,10.188187732196067,0.014344382763731175,-8.961127455150047,1.2415734138869041,2.4422349724064873,63.46818682968101
4865.0,-10.202631193531799,10.202631193531799,-10.202532114959798,10.202532114959798,-10.202280866888747,0.0002512480710503695,2.4626656953327856e-05,1.8602277618097838,0.2868885436106134,0.0008583370731079876,0.1,0.003220108712509044,10.188195105305144,0.01433700965465308,-6.74218386772396,3.4604473258078388,2.442170430216244,63.46818682968101
4870.0,-10.202839090905364,10.202839090905364,-10.202532114959798,10.202532114959798,-10.202280866888747,0.0002512480710503695,2.4626656953327856e-05,2.3949009021214964,0.20378796873789579,0.0008576760510778638,0.1,0.0015662381573191533,10.188202467056415,0.01432964790338226,-4.4672887599230044,5.73555033098236,2.441917210999456,63.46818682968101
4875.0,-10.202567024005848,10.202567024005848,-10.202532114959798,10.202532114959798,-10.202280866888747,0.0002512480710503695,2.4626656953327856e-05,1.3168175878107538,0.20092739380978492,0.0008570162156497378,0.1,0.0022580575824875356,10.18820981747901,0.014322297480788657,-8.468558464438116,1.734008559567732,2.442149303508597,63.46818682968101
4880.0,-10.202654575259245,10.202654575259245,-10.202532114959798,10.202532114959798,-10.202280866888747,0.0002512480710503695,2.4626656953327856e-05,1.1399811919326654,0.17064922088802692,0.0008563575634797839,0.1,0.0023307091092273527,10.18821715660195,0.014314958357846706,-8.903097457299026,1.2995571179602194,2.4419994331848267,63.46818682968101
4885.0,-10.202645034969146,10.202645034969146,-10.202532114959798,10.202532114959798,-10.20228103511015,0.00025107984964733987,2.4610167940215838e-05,1.6864309784070717,0.22443710416878546,0.0008557000912370128,0.1,0.0019166390775915575,10.188224484454164,0.014307630505634845,-7.358595590038115,2.8440494449310316,2.44202718678993,63.46818682968101
4890.0,-10.202706619179505,10.202706619179505,-10.202532114959798,10.202532114959798,-10.20228103511015,0.00025107984964733987,2.4610167940215838e-05,1.5786902659243396,0.2017302156975923,0.0008550437956032088,0.1,0.003641287526318407,10.188231801064463,0.01430031389533504,-7.710443663455244,2.492262955724261,2.4420635541020728,63.46818682968101
4895.0,-10.202713915083857,10.202713915083857,-10.202532114959798,10.202532114959798,-10.202281074893895,0.00025104006590304095,2.4606268349223245e-05,1.756977519737865,0.2296524999817418,0.0008543886732728685,0.1,0.002118559345267939,10.188239106461566,0.014293008498232321,-7.115743910219636,3.086970004864221,2.442308965286006,63.46818682968101
4900.0,-10.202609633381499,10.202609633381499,-10.202532114959798,10.202532114959798,-10.202281225460155,0.00025088949964313656,2.459150988869361e-05,1.8642691915434928,0.23070725028819622,0.0008537347209531384,0.1,0.0022137254763608927,10.188246400674084,0.014285714285714285,-6.727110014843269,3.4754996185382296,2.442246715513802,63.46818682968101
4905.0,-10.202620179510214,10.202620179510214,-10.202532114959798,10.202532114959798,-10.202281225460155,0.00025088949964313656,2.459150988869361e-05,1.5222853326609154,0.16801899313977947,0.0008530819353637538,0.1,0.0021466544752148623,10.188253683730528,0.014278431229270644,-7.885267545475663,2.3173526340345516,2.44219280863104,63.46818682968101
4910.0,-10.202685239401667,10.202685239401667,-10.20252607708074,10.20252607708074,-10.202281225460155,0.0002448516205859619,2.3999693321031573e-05,1.1142521188005978,0.2735700552538233,0.0008524303132369783,0.1,0.004394077582962672,10.188254917780247,0.014271159300492749,-8.961127455150047,1.2415577842516203,2.442189672359742,63.46818682968101
4915.0,-10.20282425530476,10.20282425530476,-10.20252607708074,10.20252607708074,-10.202281253241038,0.00024482383970259036,2.3996970248670146e-05,2.1733233081175904,0.3162339364423119,0.0008517798513175429,0.1,0.005529538867316166,10.188262178609667,0.01426389847107313,-5.479490053697571,4.723334201607189,2.4421616649065045,63.46818682968101
4920.0,-10.203029033123274,10.203029033123274,-10.20252607708074,10.20252607708074,-10.202281321525025,0.00024475555571612517,2.3990277076533252e-05,2.627135834069654,0.19513216594340044,0.0008511305463625864,0.1,0.0013271388259443126,10.188269428367935,0.014256648712805027,-3.3011863424704195,6.901842690652854,2.4422012237093056,63.46818682968101
4925.0,-10.202811861963038,10.202811861963038,-10.20252607708074,10.20252607708074,-10.202281321525025,0.00024475555571612517,2.3990277076533252e-05,1.1400501763799762,0.22962449855750172,0.0008504823951415944,0.1,0.0025913020110540736,10.188276667083159,0.014249409997581928,-8.903097457299026,1.2997144046640123,2.4422393662460977,63.46818682968101
4930.0,-10.202694072059455,10.202694072059455,-10.20252607708074,10.20252607708074,-10.202281480428203,0.00024459665253750984,2.397470144366609e-05,1.863811588154337,0.17155719275564876,0.000849835394436341,0.1,0.004251527714407562,10.188283894783343,0.014242182297397127,-6.7289004359210605,3.473793636138394,2.4421918718438844,63.46818682968101
4935.0,-10.202624354995267,10.202624354995267,-10.20252607708074,10.20252607708074,-10.202281483424425,0.0002445936563155726,2.397440775506559e-05,1.586316536248228,0.15400590233018,0.0008491895410408285,0.1,0.003422877776187107,10.188291111496397,0.014234965584343246,-7.686224201820692,2.516400153174575,2.4421708070312493,63.46818682968101
4940.0,-10.202589082170052,10.202589082170052,-10.20252607708074,10.20252607708074,-10.202281483424425,0.0002445936563155726,2.397440775506559e-05,1.9383470205680584,0.24228758208922474,0.0008485448317612302,0.1,0.003873111509662441,10.188298317250128,0.014227759830611805,-6.445399910024983,3.757189172145069,2.44228422750315,63.46818682968101
4945.0,-10.20270610184962,10.20270610184962,-10.20252607708074,10.20252607708074,-10.202281484868761,0.0002445922119793664,2.3974266181748343e-05,1.1400037914632544,0.18467151739665696,0.0008479012634158304,0.1,0.0019278527982788626,10.188305512072247,0.014220565008492751,-8.903097457299026,1.2996086445505934,2.4420981611113457,63.46818682968101
4950.0,-10.202760065971198,10.202760065971198,-10.20252607708074,10.20252607708074,-10.202281646205572,0.0002444308751687885,2.3958452005654744e-05,1.2644132276889366,0.14112371899906834,0.0008472588328349667,0.1,0.0023689453269797912,10.188312695990367,0.01421338109037403,-8.604019255616443,1.5987408103547551,2.4422060860682704,63.46818682968101
4955.0,-10.202679236079684,10.202679236079684,-10.20252607708074,10.20252607708074,-10.202281684927978,0.00024439215276217396,2.3954656449372404e-05,1.8363694174332124,0.16031609174873834,0.000846617536860973,0.1,0.004348582408071723,10.188319869032,0.014206208048741122,-6.830426598795688,3.372252637283996,2.442315214317534,63.46818682968101
4960.0,-10.202662657433988,10.202662657433988,-10.20252607708074,10.20252607708074,-10.202281721934707,0.0002443551460338256,2.3951029063279715e-05,1.7719419739083504,0.1737783425217307,0.0008459773723481209,0.1,0.0026096516207615218,10.188327031224564,0.01419904585617662,-7.062884298535768,3.13977835889822,2.442211989950332,63.46818682968101
4965.0,-10.20255916731533,10.20255916731533,-10.20252607708074,10.20252607708074,-10.202281834781598,0.00024424229914288276,2.3939967852114458e-05,1.6400389890434395,0.23396552456334543,0.0008453383361625636,0.1,0.0025802147127026416,10.188334182595382,0.014191894485359773,-7.512831281732704,2.6897278855826263,2.4421664829316136,63.46818682968101
4970.0,-10.202640066761127,10.202640066761127,-10.20252607708074,10.20252607708074,-10.202281839210766,0.0002442378699747394,2.3939533706670593e-05,1.1142318482304658,0.21658249088771112,0.000844700425182278,0.1,0.0022540891836988087,10.188341323171674,0.01418475390906605,-8.961127455150047,1.2415126116110802,2.4421794599914977,63.46818682968101
4975.0,-10.202684010827133,10.202684010827133,-10.20252607708074,10.20252607708074,-10.20228196004376,0.00024411703698135057,2.39276897009327e-05,1.1218027860479636,0.17918911223503503,0.0008440636362970096,0.1,0.002300813048488461,10.188348452980573,0.014177624100166717,-8.94424252004216,1.258441490784973,2.441915180179,63.46818682968101
4980.0,-10.202717194709091,10.202717194709091,-10.20252607708074,10.20252607708074,-10.20228196004376,0.00024411703698135057,2.39276897009327e-05,2.1795200527446377,0.26078774261560445,0.0008434279664082153,0.1,0.004034811947755351,10.188355572049112,0.014170505031628393,-5.452409534393108,4.7503076603159835,2.4420859133039796,63.46818682968101
4985.0,-10.20271324878553,10.20271324878553,-10.20252607708074,10.20252607708074,-10.20228196004376,0.00024411703698135057,2.39276897009327e-05,1.1400069260695327,0.21673584635034454,0.0008427934124290083,0.1,0.004475543410065907,10.188362680404229,0.014163396676512622,-8.903097457299026,1.299615791486504,2.4420421638414944,63.46818682968101
4990.0,-10.20274385203669,10.20274385203669,-10.20252607708074,10.20252607708074,-10.20228203034143,0.00024404673931144316,2.3920799149215042e-05,1.114278419824526,0.20667009578132586,0.0008421599712841013,0.1,0.002573315362632657,10.188369778072765,0.01415629900797544,-8.961127455150047,1.2416163968866432,2.442085677135492,63.46818682968101
4995.0,-10.202767605055323,10.202767605055323,-10.20252607708074,10.20252607708074,-10.202282159827032,0.0002439172537087586,2.3908107018370676e-05,1.722662233410292,0.16719866948691298,0.0008415276399097538,0.1,0.004050293607519527,10.188376865081473,0.014149211999266963,-7.235202434637187,2.967565170418136,2.4420669472799363,63.46818682968101
5000.0,-10.202616210710142,10.202616210710142,-10.20252607708074,10.20252607708074,-10.202282159827032,0.0002439172537087586,2.3908107018370676e-05,1.5786616316535023,0.2643746448680241,0.0008408964152537145,0.1,0.003397071558738736,10.18838394145701,0.01414213562373095,-7.710443663455244,2.4921725472548975,2.442058389243601,63.46818682968101
